participant_id,programme,site,prep1,prep2,prep3,eff1,eff2,eff3,perf1,perf2,perf3
SEM001,Masters,Site_B,52.38,,61.97,61.6,68.69,54.84,41.43,36.81,38.76
SEM002,Doctoral,Site_B,44.72,58.72,55.25,52.28,59.04,53.25,54.68,58.65,65.65
SEM003,Doctoral,Site_C,46.15,47.75,42.64,37.51,42.87,51.73,49.29,39.36,46.95
SEM004,Masters,Site_A,55.69,50.52,55.63,58.5,61.27,65.56,54.5,48.82,47.62
SEM005,Masters,Site_A,39.25,41.7,36.72,42.25,31.66,32.69,46.19,55.45,47.89
SEM006,Masters,Site_B,44.73,55.39,49.23,58.69,55.96,48.1,44.37,39.83,33.16
SEM007,Masters,Site_C,53.48,43.33,56.51,56.37,59.44,61.87,55.73,50.64,68.68
SEM008,Masters,Site_A,64.05,58.93,50.79,59.7,74.27,67.0,68.1,61.12,68.29
SEM009,Doctoral,Site_B,57.21,60.48,34.93,50.39,39.67,59.59,61.95,55.02,64.46
SEM010,Masters,Site_C,28.03,34.93,40.62,34.65,38.14,47.82,25.47,39.6,37.7
SEM011,Masters,Site_C,37.93,63.17,48.42,47.03,52.61,43.52,51.91,59.71,50.07
SEM012,Masters,Site_A,47.67,55.63,49.17,54.43,,57.86,50.92,62.24,48.37
SEM013,Doctoral,Site_A,68.75,66.5,68.52,69.96,72.4,52.65,53.38,73.02,48.61
SEM014,Masters,Site_C,52.96,63.62,,58.26,61.22,67.47,66.47,54.0,71.83
SEM015,Doctoral,Site_B,40.09,42.24,44.73,48.2,47.46,56.69,45.74,47.45,
SEM016,Doctoral,Site_C,39.07,40.01,42.9,37.79,42.01,36.99,38.95,32.2,49.4
SEM017,Doctoral,Site_B,72.26,54.74,63.12,54.64,48.25,52.89,51.39,58.15,60.89
SEM018,Masters,Site_B,42.25,49.03,49.76,60.92,58.65,,62.39,59.54,60.36
SEM019,Masters,Site_A,60.95,43.44,38.88,50.79,51.32,35.26,44.39,33.68,39.46
SEM020,Doctoral,Site_B,72.09,75.13,70.66,47.3,50.81,42.57,45.66,45.7,43.04
SEM021,Doctoral,Site_A,69.87,54.92,68.79,72.59,68.35,64.46,55.66,62.92,46.14
SEM022,Masters,Site_B,55.49,55.42,60.21,47.98,50.98,47.08,55.19,47.98,47.12
SEM023,Doctoral,Site_B,64.98,65.03,67.66,59.05,53.45,64.23,47.82,52.19,49.18
SEM024,Masters,Site_C,52.82,55.68,51.55,45.32,53.35,35.98,37.39,48.26,37.61
SEM025,Masters,Site_C,39.05,55.13,47.75,59.68,44.16,65.83,54.8,50.38,49.6
SEM026,Masters,Site_B,,40.83,49.56,35.39,35.9,37.81,38.4,,39.65
SEM027,Doctoral,Site_C,46.3,43.0,46.26,46.61,55.31,44.3,59.71,50.37,50.77
SEM028,Doctoral,Site_A,49.93,49.99,71.88,42.34,47.73,51.84,56.79,52.8,52.54
SEM029,Masters,Site_B,61.78,57.79,58.07,55.18,47.62,57.25,53.47,48.59,59.05
SEM030,Masters,Site_A,41.77,48.15,35.81,46.13,40.42,54.63,49.64,48.38,41.58
SEM031,Masters,Site_B,50.15,51.83,59.6,43.98,50.69,52.51,52.7,38.44,51.0
SEM032,Doctoral,Site_A,50.83,36.83,57.3,37.18,39.41,51.15,32.34,37.42,37.32
SEM033,Doctoral,Site_B,41.07,46.9,51.83,71.86,66.65,58.05,57.68,59.28,64.5
SEM034,Doctoral,Site_A,37.51,52.57,54.13,45.89,50.24,51.35,44.69,51.92,63.08
SEM035,Masters,Site_B,38.5,38.23,39.96,40.82,27.41,37.75,40.53,46.17,42.72
SEM036,Masters,Site_C,48.39,33.87,52.18,51.26,25.77,29.21,32.21,31.67,28.84
SEM037,Masters,Site_C,59.91,50.65,68.49,68.18,66.06,73.62,81.69,,57.7
SEM038,Masters,Site_A,54.67,51.05,48.06,46.17,42.33,60.98,37.2,29.72,34.04
SEM039,Doctoral,Site_B,61.63,52.17,63.16,66.2,50.35,59.47,51.46,46.61,58.17
SEM040,Doctoral,Site_A,52.17,37.91,41.63,42.49,39.41,40.66,42.18,48.26,46.71
SEM041,Doctoral,Site_B,64.19,50.18,60.12,49.6,47.68,49.2,57.72,56.29,52.64
SEM042,Doctoral,Site_C,53.02,47.96,62.49,57.45,55.76,50.69,45.25,,57.5
SEM043,Masters,Site_A,50.5,49.14,57.6,67.7,63.04,54.81,60.96,58.6,44.47
SEM044,Doctoral,Site_B,45.52,49.89,36.62,46.91,54.03,38.12,33.99,34.45,39.79
SEM045,Masters,Site_B,51.94,56.27,59.06,42.68,52.46,,45.75,37.91,48.05
SEM046,Doctoral,Site_B,47.03,68.57,57.14,49.91,44.02,50.39,48.46,50.14,55.94
SEM047,Masters,Site_A,53.05,49.67,59.27,45.81,38.45,44.16,34.78,40.05,34.33
SEM048,Masters,Site_B,56.31,58.23,55.99,55.13,64.36,37.59,58.95,52.11,47.09
SEM049,Doctoral,Site_B,38.86,52.23,43.5,45.2,48.64,53.41,38.52,49.99,46.32
SEM050,Masters,Site_C,53.27,54.68,57.27,60.97,63.35,53.84,51.6,42.62,48.47
SEM051,Masters,Site_B,43.31,47.79,45.45,48.54,,46.51,42.65,50.97,47.04
SEM052,Doctoral,Site_C,55.86,51.7,46.57,36.47,44.52,51.86,49.81,55.92,61.5
SEM053,Doctoral,Site_A,47.23,43.32,49.34,49.34,52.98,48.77,46.34,48.71,50.31
SEM054,Masters,Site_A,59.42,57.25,38.06,49.04,57.03,58.82,45.34,65.28,51.16
SEM055,Masters,Site_A,,56.94,44.25,59.27,50.02,47.15,58.87,56.53,48.73
SEM056,Doctoral,Site_B,54.19,50.94,53.58,52.52,67.23,49.87,59.08,55.79,54.48
SEM057,Doctoral,Site_B,51.41,46.57,54.01,65.32,62.25,48.68,73.89,77.81,63.51
SEM058,Masters,Site_B,44.64,37.06,50.32,58.84,57.82,53.74,39.08,39.63,43.08
SEM059,Masters,Site_A,53.79,56.52,53.91,24.73,35.15,53.51,51.44,55.26,38.42
SEM060,Masters,Site_B,57.8,,59.13,45.98,56.72,53.33,58.64,54.74,61.24
SEM061,Masters,Site_A,48.94,47.5,64.43,29.55,43.34,62.84,40.8,45.7,36.0
SEM062,Masters,Site_A,50.25,41.48,46.76,60.08,59.56,56.46,47.58,47.08,55.19
SEM063,Doctoral,Site_B,53.24,38.08,39.31,53.45,55.26,59.68,52.71,57.61,65.97
SEM064,Masters,Site_B,59.34,59.05,69.9,66.65,61.76,69.26,,75.0,61.78
SEM065,Masters,Site_C,39.88,51.02,37.49,36.33,47.46,24.09,36.93,43.46,48.54
SEM066,Doctoral,Site_A,58.61,65.44,63.41,58.26,51.01,51.61,55.68,58.36,57.49
SEM067,Doctoral,Site_A,60.79,51.02,48.85,48.28,49.06,35.97,45.46,57.71,39.58
SEM068,Masters,Site_B,63.08,60.66,48.65,64.74,49.06,61.87,57.05,75.24,62.26
SEM069,Masters,Site_B,60.56,66.38,68.29,51.99,50.33,,52.03,41.77,50.7
SEM070,Masters,Site_C,40.15,39.89,42.6,38.28,50.37,37.69,46.5,44.92,57.8
SEM071,Doctoral,Site_B,50.01,48.78,52.16,65.62,66.4,65.34,61.32,37.6,64.39
SEM072,Doctoral,Site_A,50.25,52.44,50.11,47.16,47.43,49.53,49.38,64.06,50.2
SEM073,Doctoral,Site_C,47.66,62.07,57.25,43.47,44.23,58.34,66.76,53.95,70.99
SEM074,Masters,Site_A,34.2,29.5,45.55,35.23,47.98,37.08,37.45,36.4,33.7
SEM075,Doctoral,Site_B,54.13,59.23,63.69,49.8,61.93,59.91,50.91,59.6,44.27
SEM076,Doctoral,Site_A,68.33,73.58,57.14,46.33,61.56,44.92,63.55,50.09,61.45
SEM077,Masters,Site_B,38.94,60.07,38.75,33.37,47.7,44.05,39.42,56.33,50.34
SEM078,Masters,Site_A,51.47,55.47,46.72,33.76,45.98,57.27,44.12,46.48,46.8
SEM079,Doctoral,Site_B,61.51,51.95,56.75,61.69,72.52,63.01,60.0,50.52,60.68
SEM080,Masters,Site_A,41.59,43.29,33.71,48.22,45.86,50.84,53.27,46.21,
SEM081,Doctoral,Site_B,46.9,37.24,66.0,49.18,38.52,48.24,36.69,50.7,35.8
SEM082,Masters,Site_A,54.34,51.83,43.24,40.8,36.71,40.54,47.59,42.61,37.66
SEM083,Masters,Site_A,39.34,43.95,38.38,48.35,49.0,54.65,44.17,41.81,47.21
SEM084,Masters,Site_C,41.97,35.23,46.71,44.81,41.94,43.23,67.85,53.86,58.13
SEM085,Masters,Site_A,27.37,42.56,19.63,33.88,30.43,49.77,45.28,51.3,38.7
SEM086,Masters,Site_A,47.1,56.74,61.46,59.96,38.47,61.29,55.52,68.9,53.47
SEM087,Masters,Site_A,39.68,49.29,,63.21,47.5,45.41,46.36,45.03,28.0
SEM088,Masters,Site_B,23.03,20.88,42.45,35.55,37.46,39.63,42.44,39.11,34.27
SEM089,Doctoral,Site_A,58.35,48.23,49.39,55.63,53.23,48.77,52.77,54.36,52.24
SEM090,Masters,Site_A,77.68,61.09,64.95,49.26,47.46,62.52,70.46,63.98,62.51
SEM091,Masters,Site_A,70.53,61.5,62.26,46.63,57.09,47.98,47.93,43.42,29.15
SEM092,Masters,Site_B,52.71,39.74,61.55,59.7,53.5,70.72,47.07,38.83,39.72
SEM093,Masters,Site_A,46.98,49.58,31.95,39.07,37.02,41.54,48.95,44.43,37.17
SEM094,Masters,Site_B,42.59,33.56,41.29,36.58,50.04,41.53,36.52,33.85,41.69
SEM095,Masters,Site_B,43.73,42.45,47.72,18.68,27.58,29.63,40.31,48.97,57.14
SEM096,Masters,Site_B,37.41,34.52,45.58,32.09,37.22,26.96,38.92,36.09,36.14
SEM097,Doctoral,Site_B,43.41,55.77,45.32,50.23,,58.98,52.29,38.85,58.78
SEM098,Masters,Site_A,60.09,63.13,51.27,58.19,55.16,52.63,50.03,,53.98
SEM099,Masters,Site_C,45.03,54.48,36.94,37.8,43.25,45.5,57.3,60.05,59.73
SEM100,Masters,Site_A,49.64,47.84,50.75,63.41,54.69,53.44,57.27,66.14,67.18
SEM101,Masters,Site_B,37.47,43.83,53.61,29.83,32.72,38.15,28.08,43.75,38.5
SEM102,Masters,Site_B,50.17,46.66,,46.69,44.97,,55.86,60.7,51.14
SEM103,Masters,Site_A,29.15,35.88,31.13,27.23,41.46,33.24,35.83,31.11,29.37
SEM104,Doctoral,Site_A,52.72,65.64,54.13,35.58,24.17,60.74,37.22,55.17,55.37
SEM105,Doctoral,Site_A,40.61,29.43,32.09,,39.47,41.11,51.68,53.91,33.33
SEM106,Masters,Site_C,51.58,62.92,47.83,44.56,38.97,43.76,33.23,41.83,34.28
SEM107,Doctoral,Site_A,39.35,43.91,35.22,36.02,25.41,24.93,45.29,64.55,39.58
SEM108,Masters,Site_B,45.01,40.24,62.42,49.43,55.13,61.25,59.64,63.72,55.59
SEM109,Doctoral,Site_B,63.77,56.83,71.33,60.97,57.32,40.37,45.95,41.41,56.8
SEM110,Doctoral,Site_A,54.47,53.79,64.29,63.94,59.44,76.54,63.65,68.61,76.19
SEM111,Masters,Site_C,58.53,51.04,51.46,62.09,55.45,62.35,67.76,59.91,67.55
SEM112,Masters,Site_A,55.44,60.71,,43.48,45.82,49.21,55.57,49.53,46.66
SEM113,Masters,Site_A,39.45,45.77,36.83,35.08,33.03,38.51,36.69,27.77,42.21
SEM114,Masters,Site_A,64.8,52.39,56.66,63.26,55.05,54.74,60.13,63.24,59.4
SEM115,Doctoral,Site_B,67.15,65.3,63.9,51.9,50.61,63.37,42.22,,43.89
SEM116,Doctoral,Site_B,33.99,34.26,38.41,52.08,42.04,43.51,40.8,30.85,35.54
SEM117,Doctoral,Site_A,59.27,67.78,69.8,72.2,67.57,64.08,61.28,59.4,60.7
SEM118,Doctoral,Site_B,47.83,,58.83,54.12,65.31,67.52,62.1,58.53,58.69
SEM119,Doctoral,Site_A,59.25,58.67,47.25,56.05,44.33,43.19,37.97,31.42,49.96
SEM120,Masters,Site_B,64.0,59.39,58.33,60.9,50.09,56.58,54.79,54.77,65.79
SEM121,Masters,Site_B,53.76,42.57,59.34,45.95,46.58,43.51,43.35,55.56,63.85
SEM122,Masters,Site_C,58.64,55.01,59.7,45.24,46.25,46.6,53.5,57.28,56.89
SEM123,Masters,Site_A,55.78,66.73,59.59,52.31,50.47,60.25,55.1,45.95,54.09
SEM124,Doctoral,Site_A,47.06,39.06,48.49,50.12,56.41,65.69,28.24,44.71,36.37
SEM125,Doctoral,Site_A,37.43,48.58,34.72,46.45,34.48,41.87,53.52,36.81,37.73
SEM126,Masters,Site_B,45.13,65.1,54.12,55.38,46.59,61.44,37.36,59.17,49.33
SEM127,Masters,Site_C,35.61,45.54,57.04,24.39,37.88,40.25,32.78,34.98,46.48
SEM128,Doctoral,Site_B,57.68,45.28,48.61,38.49,36.64,38.2,34.84,34.15,37.86
SEM129,Masters,Site_B,57.02,51.55,35.19,33.93,48.12,45.93,61.66,51.75,
SEM130,Doctoral,Site_B,53.29,61.01,61.92,52.46,39.17,51.89,49.15,53.92,46.4
SEM131,Masters,Site_A,56.66,54.22,41.41,40.15,46.77,37.82,45.56,33.56,34.08
SEM132,Masters,Site_B,22.22,30.58,22.68,30.19,26.09,29.21,34.81,45.84,40.13
SEM133,Doctoral,Site_B,48.84,61.37,51.32,43.86,39.32,69.05,65.99,65.4,51.06
SEM134,Doctoral,Site_B,59.03,41.02,49.92,48.65,46.6,60.49,54.67,52.49,53.64
SEM135,Masters,Site_B,40.19,41.26,43.43,58.1,70.15,74.41,58.39,63.33,61.77
SEM136,Masters,Site_B,68.28,65.64,74.15,75.76,63.72,61.97,57.1,55.01,56.41
SEM137,Masters,Site_B,69.03,57.07,65.69,48.8,43.72,36.6,43.09,37.79,41.56
SEM138,Masters,Site_A,55.48,57.6,52.98,34.65,38.45,49.12,55.1,47.85,42.05
SEM139,Masters,Site_A,47.68,43.91,50.89,54.21,54.84,54.23,49.89,51.03,37.2
SEM140,Doctoral,Site_A,52.55,40.63,55.99,57.49,60.39,61.03,47.12,62.65,48.0
SEM141,Masters,Site_B,49.95,47.08,36.78,50.37,52.39,61.57,55.52,,42.16
SEM142,Masters,Site_C,55.06,47.42,43.4,41.5,55.03,59.46,52.11,44.71,55.82
SEM143,Doctoral,Site_A,46.4,47.52,48.79,33.12,47.34,36.33,38.64,52.89,48.16
SEM144,Masters,Site_C,61.06,43.67,57.77,57.49,64.93,48.43,58.98,61.05,66.36
SEM145,Doctoral,Site_B,45.71,29.14,51.44,28.55,38.57,35.01,43.64,41.12,
SEM146,Masters,Site_C,48.0,45.98,60.32,44.48,56.11,53.21,42.92,50.61,52.37
SEM147,Masters,Site_B,60.45,50.09,61.25,48.35,49.33,46.72,38.81,46.28,66.09
SEM148,Masters,Site_C,,46.02,48.16,43.0,49.73,53.55,53.55,45.73,48.72
SEM149,Masters,Site_A,48.29,57.58,53.47,66.49,57.6,52.05,57.34,58.94,56.9
SEM150,Masters,Site_B,33.37,31.29,38.57,57.91,56.23,61.84,61.97,42.61,49.74
SEM151,Masters,Site_B,49.32,26.64,33.87,37.34,37.52,38.72,43.5,42.09,20.71
SEM152,Masters,Site_C,59.33,50.38,52.37,54.42,57.35,55.06,59.35,57.95,53.6
SEM153,Masters,Site_A,46.6,57.35,56.26,55.4,56.96,51.08,45.66,52.58,60.05
SEM154,Masters,Site_C,67.93,61.6,71.94,55.58,53.54,57.92,60.22,63.24,47.86
SEM155,Doctoral,Site_A,68.25,72.53,54.91,55.19,47.59,45.39,56.12,48.87,46.68
SEM156,Masters,Site_A,40.39,51.87,49.52,56.71,61.06,57.98,42.63,54.52,55.08
SEM157,Masters,Site_C,42.97,38.41,50.18,31.66,52.09,45.76,45.04,44.27,38.81
SEM158,Masters,Site_B,50.22,58.37,50.6,52.46,54.7,46.72,42.76,52.04,45.53
SEM159,Masters,Site_A,64.3,66.95,74.82,73.16,58.27,66.76,70.7,67.33,66.89
SEM160,Doctoral,Site_A,52.65,63.74,61.14,50.28,38.73,38.12,50.25,55.99,40.85
SEM161,Doctoral,Site_C,56.27,47.33,67.1,49.15,56.12,56.23,49.57,45.91,46.25
SEM162,Doctoral,Site_B,52.47,47.22,55.34,34.86,,45.48,47.44,50.62,57.34
SEM163,Masters,Site_C,28.65,38.97,20.22,45.27,52.29,49.99,39.31,49.07,33.59
SEM164,Masters,Site_B,47.35,43.82,44.51,53.18,61.79,58.99,61.12,50.51,58.19
SEM165,Masters,Site_C,43.71,37.06,41.41,48.76,50.72,58.75,33.14,41.88,44.25
SEM166,Masters,Site_A,52.35,52.12,35.67,59.03,45.89,57.24,47.41,47.62,50.41
SEM167,Doctoral,Site_C,59.34,59.71,57.03,53.12,51.62,49.54,49.71,59.24,42.81
SEM168,Masters,Site_B,44.88,55.59,56.58,38.05,32.89,38.8,49.2,51.75,56.49
SEM169,Masters,Site_B,50.86,54.82,58.38,70.74,60.19,72.04,49.61,59.72,51.75
SEM170,Masters,Site_B,57.95,52.34,47.17,36.32,40.02,40.43,29.56,34.25,55.81
SEM171,Masters,Site_A,43.46,54.54,48.52,42.76,35.06,35.27,51.32,62.63,42.86
SEM172,Masters,Site_B,43.99,49.54,49.7,37.57,42.48,37.27,41.73,44.29,39.07
SEM173,Doctoral,Site_B,48.62,60.56,57.87,49.42,36.33,50.21,46.47,54.13,45.37
SEM174,Masters,Site_A,53.69,36.03,65.98,56.62,45.26,56.63,49.39,61.43,52.71
SEM175,Masters,Site_A,51.21,44.72,38.6,46.76,43.41,52.36,40.06,40.44,46.99
SEM176,Doctoral,Site_C,34.34,34.45,43.69,47.65,42.84,48.45,41.22,44.58,46.21
SEM177,Masters,Site_B,65.03,67.17,48.17,71.27,57.75,56.79,67.72,68.45,50.12
SEM178,Doctoral,Site_B,29.79,40.18,48.1,41.55,43.12,48.62,46.07,55.67,50.94
SEM179,Masters,Site_C,44.12,37.2,47.97,53.29,53.97,43.82,48.08,39.46,49.69
SEM180,Masters,Site_A,56.6,64.68,59.01,29.5,37.26,42.96,42.84,53.86,46.43
SEM181,Doctoral,Site_A,53.92,54.03,42.14,36.05,43.95,33.36,45.34,33.78,37.32
SEM182,Doctoral,Site_B,60.09,48.65,46.66,55.34,36.01,50.52,43.88,55.72,54.04
SEM183,Masters,Site_A,59.46,48.5,59.3,,68.6,55.62,61.7,58.62,63.93
SEM184,Masters,Site_B,51.95,47.21,50.28,48.48,48.98,57.19,45.75,40.21,55.49
SEM185,Masters,Site_C,,55.11,49.36,44.28,58.24,51.37,61.33,56.26,57.94
SEM186,Masters,Site_C,65.82,53.49,53.36,60.5,59.79,55.72,59.62,66.75,56.69
SEM187,Masters,Site_A,52.67,55.65,56.39,57.44,49.17,45.08,63.83,65.98,56.29
SEM188,Doctoral,Site_B,45.12,50.87,51.65,39.41,36.52,59.27,48.3,48.82,63.44
SEM189,Doctoral,Site_B,61.04,53.14,51.99,45.25,57.44,42.18,59.14,55.58,57.41
SEM190,Doctoral,Site_B,50.46,58.33,67.46,58.78,61.68,69.58,61.34,62.23,53.18
SEM191,Masters,Site_B,39.09,41.0,36.46,51.89,50.17,39.49,42.12,37.26,35.93
SEM192,Masters,Site_B,60.55,60.9,56.96,56.54,53.04,54.11,32.79,55.21,50.67
SEM193,Doctoral,Site_A,36.39,33.78,46.03,56.88,49.85,39.95,60.03,54.68,43.87
SEM194,Masters,Site_B,45.48,45.22,42.92,41.65,39.32,42.09,39.44,50.95,38.59
SEM195,Masters,Site_A,44.14,54.31,45.67,45.14,46.4,40.7,51.36,49.9,49.86
SEM196,Doctoral,Site_C,34.89,58.66,37.08,47.59,45.71,49.38,63.0,61.24,69.68
SEM197,Doctoral,Site_B,29.98,40.4,35.93,49.13,47.5,48.64,47.57,38.47,45.24
SEM198,Masters,Site_A,24.87,35.49,42.67,35.52,40.22,33.56,40.9,37.12,29.93
SEM199,Doctoral,Site_A,48.72,41.49,43.34,51.34,49.17,52.44,50.67,36.29,46.87
SEM200,Masters,Site_A,43.96,53.45,42.65,60.93,53.89,52.34,47.7,53.93,39.4
SEM201,Masters,Site_A,40.15,47.37,56.39,39.41,49.76,52.92,36.4,32.68,23.52
SEM202,Masters,Site_B,52.79,50.74,57.75,52.05,58.15,55.58,56.82,51.86,49.59
SEM203,Doctoral,Site_A,57.56,56.44,37.92,51.0,57.61,50.53,66.2,55.07,57.66
SEM204,Masters,Site_A,44.67,44.62,52.37,49.61,52.39,53.55,52.5,43.44,55.41
SEM205,Doctoral,Site_A,66.29,63.29,59.88,43.16,38.32,49.39,41.81,45.14,51.8
SEM206,Masters,Site_A,50.82,36.17,55.4,45.1,37.76,54.36,59.08,51.65,51.04
SEM207,Doctoral,Site_A,46.11,34.55,62.13,51.5,40.86,,45.06,48.37,57.44
SEM208,Doctoral,Site_A,55.99,62.65,66.7,65.63,62.22,65.66,55.61,55.22,63.83
SEM209,Doctoral,Site_B,47.32,35.46,51.89,51.97,52.0,58.73,43.65,38.39,47.03
SEM210,Masters,Site_B,49.06,48.96,46.7,55.1,65.82,60.0,44.01,43.43,55.25
SEM211,Masters,Site_A,33.82,53.24,48.17,77.4,60.83,79.45,60.74,53.64,77.11
SEM212,Doctoral,Site_B,45.6,56.88,40.62,52.14,40.9,25.65,50.57,54.86,44.4
SEM213,Masters,Site_C,46.99,43.4,48.93,44.49,42.25,37.09,46.87,48.11,46.72
SEM214,Doctoral,Site_A,53.23,47.09,49.45,49.92,51.29,45.03,65.85,59.08,57.95
SEM215,Masters,Site_B,50.27,59.63,54.17,48.76,40.85,,47.71,48.62,46.01
SEM216,Masters,Site_C,60.2,56.0,51.07,56.14,38.6,56.22,51.15,60.51,55.08
SEM217,Masters,Site_B,35.77,50.14,45.43,26.56,38.17,32.37,47.11,57.09,45.8
SEM218,Masters,Site_B,44.97,35.53,38.22,52.56,57.25,46.53,49.96,47.69,44.34
SEM219,Doctoral,Site_A,41.21,47.83,39.77,44.32,46.46,49.54,,44.4,45.5
SEM220,Masters,Site_B,43.35,49.51,50.07,61.52,57.83,57.36,55.25,55.73,58.4
SEM221,Doctoral,Site_C,53.1,51.49,54.5,46.16,43.3,39.85,70.26,50.82,55.88
SEM222,Masters,Site_B,52.69,47.31,39.48,47.97,67.75,58.13,55.0,61.58,55.21
SEM223,Masters,Site_B,63.82,59.73,60.84,41.51,50.91,45.03,35.21,41.13,44.97
SEM224,Doctoral,Site_A,47.91,65.06,54.36,51.14,49.92,64.9,47.23,47.75,38.58
SEM225,Masters,Site_C,,62.9,61.66,57.56,70.65,62.37,44.33,50.9,57.03
SEM226,Masters,Site_C,24.83,23.53,36.22,41.43,40.31,40.44,32.84,34.86,32.53
SEM227,Doctoral,Site_C,57.69,47.09,45.0,54.08,54.28,52.4,47.77,57.84,59.41
SEM228,Masters,Site_C,51.15,57.17,60.26,60.57,66.27,65.76,58.08,49.43,52.04
SEM229,Doctoral,Site_A,60.37,67.07,63.2,43.23,,45.31,53.53,58.14,59.59
SEM230,Masters,Site_C,53.08,45.5,64.16,37.96,42.43,38.74,40.15,45.3,25.39
SEM231,Doctoral,Site_B,62.97,74.83,56.5,55.16,62.75,52.42,54.13,58.26,64.31
SEM232,Masters,Site_A,45.72,51.33,28.89,27.09,38.68,44.73,31.55,52.63,39.46
SEM233,Doctoral,Site_B,40.22,53.58,46.98,69.26,41.13,47.1,48.92,60.37,61.91
SEM234,Masters,Site_A,49.16,60.73,51.54,43.29,48.83,50.01,51.17,56.49,58.91
SEM235,Doctoral,Site_C,51.21,60.14,47.73,63.53,60.41,48.98,50.8,39.73,46.04
SEM236,Masters,Site_C,37.48,43.64,48.57,50.21,46.12,53.2,47.83,49.66,56.87
SEM237,Masters,Site_A,62.26,64.92,65.84,62.53,59.53,53.52,49.57,53.78,46.03
SEM238,Masters,Site_A,57.0,,44.82,46.47,50.99,53.85,47.05,48.36,60.8
SEM239,Doctoral,Site_A,58.67,69.0,47.09,75.0,64.51,56.7,66.43,60.69,68.11
SEM240,Masters,Site_B,31.85,41.95,42.59,49.21,33.57,49.28,46.7,51.12,46.63
SEM241,Masters,Site_C,55.94,53.67,45.92,39.65,34.24,47.0,38.52,34.88,44.16
SEM242,Masters,Site_B,58.7,57.82,54.87,55.15,56.39,45.69,64.28,54.96,65.28
SEM243,Masters,Site_B,46.67,52.38,50.01,45.2,42.57,41.02,34.97,40.31,44.71
SEM244,Doctoral,Site_C,,58.15,60.48,46.83,41.53,49.89,48.44,61.4,49.55
SEM245,Doctoral,Site_B,49.37,56.75,50.58,58.34,59.72,61.96,63.88,66.03,56.78
SEM246,Masters,Site_A,39.65,44.69,45.82,38.4,56.6,46.22,43.57,48.46,43.63
SEM247,Doctoral,Site_A,53.43,58.48,59.18,40.43,32.95,33.33,43.33,36.76,38.42
SEM248,Doctoral,Site_C,41.65,55.53,45.86,,46.56,34.13,46.74,43.16,53.87
SEM249,Doctoral,Site_A,67.37,59.62,59.75,68.62,56.12,60.09,46.65,59.67,58.18
SEM250,Doctoral,Site_C,52.02,37.02,61.71,45.27,47.59,36.3,45.93,56.34,64.53
SEM251,Masters,Site_A,,47.46,57.13,46.85,39.17,41.84,59.07,45.65,45.23
SEM252,Masters,Site_A,46.19,70.26,72.28,62.59,56.06,65.25,57.01,51.81,51.15
SEM253,Masters,Site_A,53.4,66.15,48.17,53.02,,60.92,40.88,53.78,42.84
SEM254,Masters,Site_A,32.02,17.77,35.93,35.29,35.99,37.8,39.47,40.43,25.76
SEM255,Masters,Site_B,56.84,44.46,49.89,48.94,43.72,49.28,57.74,50.66,60.0
SEM256,Masters,Site_A,34.81,47.23,64.59,48.47,36.32,53.85,29.48,28.76,33.34
SEM257,Masters,Site_A,31.67,,39.79,34.3,51.3,,46.45,50.8,42.96
SEM258,Masters,Site_C,52.57,47.37,50.01,46.91,43.85,42.35,61.77,59.13,61.55
SEM259,Masters,Site_C,48.12,53.37,57.62,44.9,45.76,48.88,61.77,54.13,62.94
SEM260,Doctoral,Site_A,39.63,35.0,29.97,48.45,52.19,48.4,45.3,48.41,37.06
SEM261,Doctoral,Site_B,45.94,62.04,50.77,37.35,17.09,33.12,48.36,49.44,54.54
SEM262,Masters,Site_A,52.26,54.98,62.72,61.54,54.02,60.2,58.73,65.79,45.64
SEM263,Doctoral,Site_B,46.54,54.21,46.17,56.58,63.4,59.19,57.44,59.75,61.04
SEM264,Masters,Site_A,39.88,54.62,57.21,47.82,38.66,55.24,47.27,41.49,42.83
SEM265,Masters,Site_B,56.38,44.38,67.85,49.28,47.64,48.44,42.02,50.32,43.95
SEM266,Masters,Site_B,50.62,35.59,45.43,44.68,52.92,39.18,55.89,54.31,64.78
SEM267,Masters,Site_B,50.8,54.13,38.16,35.54,38.49,47.9,51.12,60.05,52.59
SEM268,Masters,Site_A,32.73,49.53,36.77,38.38,42.67,52.05,27.84,49.12,36.68
SEM269,Masters,Site_B,51.27,,51.46,57.25,61.14,39.32,37.38,39.69,36.89
SEM270,Masters,Site_C,43.37,41.62,36.43,38.99,42.44,42.24,61.63,52.24,59.67
SEM271,Masters,Site_B,53.08,44.09,53.71,43.34,39.38,49.14,40.99,47.04,39.22
SEM272,Masters,Site_C,53.08,48.34,39.39,52.65,56.34,37.68,60.27,47.32,56.61
SEM273,Doctoral,Site_A,38.46,54.42,60.62,52.53,49.92,48.55,56.99,60.59,66.38
SEM274,Masters,Site_B,71.51,64.18,54.44,52.05,40.89,52.07,58.17,50.29,60.43
SEM275,Doctoral,Site_A,43.22,40.78,49.71,53.0,49.37,42.06,59.13,54.29,62.1
SEM276,Masters,Site_C,70.05,63.48,51.39,55.88,68.33,80.13,70.12,59.48,55.53
SEM277,Doctoral,Site_B,54.82,60.0,63.04,71.14,63.32,57.88,35.88,56.12,50.49
SEM278,Masters,Site_B,42.62,29.09,52.44,52.74,44.13,54.46,31.74,40.68,43.54
SEM279,Doctoral,Site_B,61.91,50.94,61.56,54.49,56.96,44.76,64.83,59.94,48.69
SEM280,Masters,Site_C,43.17,59.92,53.51,58.69,63.14,55.52,,61.41,54.38
SEM281,Doctoral,Site_C,51.08,50.36,47.19,40.54,53.81,50.73,46.82,45.13,46.84
SEM282,Masters,Site_A,56.23,53.38,54.29,51.72,53.63,51.96,50.54,52.76,58.91
SEM283,Masters,Site_B,52.29,45.29,51.37,50.6,56.17,52.23,56.3,51.73,51.25
SEM284,Doctoral,Site_C,57.04,47.86,52.0,54.13,40.49,51.4,59.3,45.39,63.08
SEM285,Masters,Site_C,58.12,62.72,50.17,,43.92,57.34,49.63,51.36,44.15
SEM286,Masters,Site_B,50.42,50.62,,43.97,46.75,42.52,65.21,50.83,41.51
SEM287,Masters,Site_A,45.9,39.81,49.14,38.56,41.17,46.14,69.84,49.62,61.79
SEM288,Masters,Site_A,60.28,55.98,49.07,51.45,51.01,63.18,64.77,49.07,53.22
SEM289,Masters,Site_C,49.96,50.98,49.44,62.26,42.61,42.42,47.69,41.94,36.56
SEM290,Doctoral,Site_B,57.98,52.94,56.89,35.14,43.04,44.61,48.02,40.06,39.22
SEM291,Masters,Site_B,49.87,52.31,53.29,62.46,59.39,62.23,56.67,51.81,46.33
SEM292,Masters,Site_C,58.24,55.01,61.99,69.85,66.01,66.97,52.98,49.27,55.82
SEM293,Masters,Site_B,49.31,57.91,55.36,52.89,55.8,54.97,46.09,55.01,55.11
SEM294,Masters,Site_B,41.53,27.73,35.3,47.95,44.86,45.77,37.24,37.19,
SEM295,Doctoral,Site_B,45.7,50.12,45.94,48.71,55.04,43.92,42.33,38.67,44.37
SEM296,Doctoral,Site_A,47.85,43.72,33.08,67.83,57.57,55.71,37.02,53.41,36.39
SEM297,Masters,Site_B,59.93,63.16,,58.84,71.32,66.67,70.75,47.95,58.98
SEM298,Masters,Site_A,48.44,51.82,45.32,65.87,56.45,62.81,55.58,54.04,59.32
SEM299,Doctoral,Site_B,33.17,44.01,46.71,39.05,42.23,51.06,56.24,58.37,55.55
SEM300,Masters,Site_A,73.7,60.84,69.27,68.69,68.64,65.3,82.57,68.41,75.18
SEM301,Doctoral,Site_B,41.0,40.82,48.84,32.33,25.59,23.9,41.61,38.96,37.7
SEM302,Doctoral,Site_A,56.69,48.26,53.82,53.12,55.69,51.52,53.09,52.94,55.25
SEM303,Masters,Site_B,56.17,51.18,35.73,49.92,49.21,42.64,44.54,44.52,61.66
SEM304,Masters,Site_B,63.29,54.21,72.28,57.9,66.88,69.8,61.12,56.77,58.05
SEM305,Masters,Site_A,64.61,51.13,62.45,45.55,51.91,40.55,57.76,58.5,47.95
SEM306,Masters,Site_B,46.37,40.23,61.96,49.65,60.22,37.61,27.68,47.01,50.55
SEM307,Doctoral,Site_B,54.14,42.73,38.42,,35.66,42.83,47.49,42.83,60.04
SEM308,Masters,Site_A,54.81,68.83,56.76,58.39,61.23,52.68,56.44,57.07,56.52
SEM309,Masters,Site_B,62.55,53.76,62.97,53.07,67.88,51.51,,54.99,47.59
SEM310,Doctoral,Site_B,49.43,59.26,43.1,62.78,45.74,55.47,56.89,59.54,57.1
SEM311,Doctoral,Site_C,65.56,66.31,61.12,52.42,65.17,65.17,58.79,51.26,39.59
SEM312,Masters,Site_B,47.38,39.44,49.72,62.6,54.64,49.81,56.43,42.42,51.12
SEM313,Masters,Site_A,53.88,47.59,38.79,51.79,52.13,57.09,53.98,58.72,42.48
SEM314,Masters,Site_A,70.82,65.24,66.57,69.95,52.32,55.91,64.42,58.51,63.39
SEM315,Masters,Site_C,53.2,54.88,53.69,73.68,75.63,71.83,74.63,69.77,62.37
SEM316,Masters,Site_C,30.02,32.75,24.94,27.56,39.79,37.86,37.94,37.17,35.23
SEM317,Doctoral,Site_A,52.98,61.77,60.47,57.84,58.5,66.21,62.98,55.3,62.76
SEM318,Masters,Site_C,38.28,45.5,44.79,56.9,51.74,49.76,49.21,45.67,40.2
SEM319,Masters,Site_A,51.06,44.33,65.34,44.19,56.17,33.19,41.31,46.17,47.25
SEM320,Doctoral,Site_A,60.57,57.12,69.21,48.12,65.44,48.26,50.19,47.35,42.56
SEM321,Doctoral,Site_A,60.42,64.89,43.58,62.79,53.85,68.91,59.94,59.83,60.64
SEM322,Masters,Site_A,43.38,52.96,53.36,55.95,54.27,48.03,47.93,55.03,50.34
SEM323,Masters,Site_A,39.3,33.99,40.01,49.76,57.77,54.65,42.93,46.66,46.97
SEM324,Masters,Site_A,57.12,36.73,42.68,48.45,46.63,46.92,52.56,40.2,27.96
SEM325,Masters,Site_C,72.88,63.79,64.79,66.04,46.91,61.62,66.55,66.71,57.91
SEM326,Masters,Site_B,57.93,63.52,68.76,58.65,58.83,69.17,47.0,51.72,51.34
SEM327,Masters,Site_B,52.13,52.12,60.58,56.58,42.57,50.06,49.16,42.62,41.6
SEM328,Masters,Site_B,14.86,24.96,29.56,48.34,49.79,35.72,,39.59,55.11
SEM329,Masters,Site_A,49.21,54.3,54.0,36.64,21.36,40.2,30.7,33.2,40.0
SEM330,Masters,Site_A,49.85,39.48,34.04,59.53,62.93,50.95,58.02,51.13,69.76
SEM331,Doctoral,Site_B,51.83,46.89,51.82,59.63,61.8,68.98,54.89,62.1,42.72
SEM332,Masters,Site_B,30.69,47.81,47.45,46.91,43.83,55.94,45.83,51.92,53.54
SEM333,Doctoral,Site_B,36.99,34.42,35.6,31.15,45.26,33.38,40.1,36.1,48.12
SEM334,Masters,Site_B,62.05,61.11,56.06,,54.19,60.67,59.99,60.2,47.37
SEM335,Masters,Site_C,41.17,46.62,31.2,35.15,44.89,44.05,54.44,,45.14
SEM336,Masters,Site_C,71.06,78.9,64.45,42.16,54.33,63.83,75.27,74.27,67.87
SEM337,Masters,Site_A,25.49,24.69,22.98,36.77,27.21,36.56,29.1,30.55,36.18
SEM338,Masters,Site_C,37.36,54.12,41.02,,56.52,71.29,55.83,47.43,54.8
SEM339,Masters,Site_A,45.03,,44.95,47.38,55.29,43.44,53.66,57.9,60.15
SEM340,Masters,Site_C,52.24,48.3,54.17,58.9,62.09,56.63,63.89,55.39,47.91
SEM341,Masters,Site_A,45.16,52.52,58.22,43.28,49.17,28.63,54.17,55.3,73.92
SEM342,Doctoral,Site_A,28.68,36.97,52.11,25.27,49.18,45.1,22.49,18.77,27.7
SEM343,Masters,Site_A,68.66,55.31,60.21,48.56,64.78,60.38,57.66,43.78,50.64
SEM344,Doctoral,Site_A,61.83,70.51,59.67,45.61,46.16,53.92,63.69,68.87,57.31
SEM345,Doctoral,Site_A,53.8,61.38,60.74,61.38,67.68,56.04,51.08,44.93,59.69
SEM346,Doctoral,Site_B,58.87,51.02,63.79,38.15,33.69,44.07,55.59,41.7,55.2
SEM347,Doctoral,Site_C,50.71,52.04,55.13,43.0,61.98,62.65,60.97,58.11,64.27
SEM348,Doctoral,Site_C,14.6,27.07,33.25,31.85,47.92,42.96,31.13,43.84,46.48
SEM349,Masters,Site_B,31.76,53.19,41.58,61.69,61.5,52.96,40.83,41.9,28.76
SEM350,Masters,Site_A,38.06,34.65,39.27,45.95,39.94,44.68,45.77,58.56,47.35
SEM351,Masters,Site_A,46.84,51.25,46.73,49.78,51.25,54.35,56.64,63.57,63.0
SEM352,Masters,Site_B,46.59,43.13,43.8,49.49,42.97,60.89,38.99,41.88,53.7
SEM353,Doctoral,Site_B,42.86,55.45,45.42,49.89,62.74,50.09,44.48,51.36,47.32
SEM354,Masters,Site_A,53.81,63.58,51.53,58.26,56.88,46.48,66.24,62.53,51.42
SEM355,Masters,Site_A,49.65,51.32,50.94,64.21,60.28,67.0,52.99,40.1,52.61
SEM356,Masters,Site_C,50.13,52.18,44.33,43.87,41.15,32.02,53.93,37.76,54.7
SEM357,Masters,Site_A,56.53,54.56,55.89,66.38,54.88,51.68,59.06,58.55,54.73
SEM358,Doctoral,Site_A,62.42,58.12,68.43,50.49,32.75,43.38,67.76,48.73,55.15
SEM359,Doctoral,Site_A,50.32,46.53,50.73,58.87,58.01,54.33,48.73,52.07,57.57
SEM360,Doctoral,Site_A,46.49,36.65,61.31,60.95,66.57,55.63,43.49,53.84,43.83
SEM361,Masters,Site_B,58.74,59.92,60.48,40.96,47.38,44.29,66.08,48.29,58.12
SEM362,Masters,Site_A,65.82,62.32,68.27,45.05,52.42,32.11,51.71,40.46,45.21
SEM363,Masters,Site_C,66.53,59.54,53.74,52.04,41.7,43.69,61.82,62.82,48.48
SEM364,Doctoral,Site_B,46.7,49.62,47.1,39.63,40.51,46.56,45.07,42.4,41.86
SEM365,Masters,Site_B,52.63,66.17,45.34,56.17,39.69,34.88,49.71,44.04,
SEM366,Doctoral,Site_B,56.8,51.6,57.37,50.33,45.5,58.91,66.38,53.7,54.25
SEM367,Doctoral,Site_B,49.53,44.22,53.74,31.72,38.39,44.43,37.2,46.93,33.23
SEM368,Doctoral,Site_A,55.5,44.68,60.2,62.78,65.24,55.16,47.45,52.84,50.33
SEM369,Doctoral,Site_B,56.3,67.26,65.54,45.68,41.53,46.11,52.36,62.24,62.05
SEM370,Doctoral,Site_A,56.36,63.77,61.14,45.85,53.76,34.81,,49.15,61.53
SEM371,Doctoral,Site_B,51.37,57.01,43.57,54.07,54.77,49.92,52.8,53.75,
SEM372,Masters,Site_C,44.7,43.55,46.47,39.2,34.4,28.97,24.23,50.28,42.55
SEM373,Masters,Site_B,61.48,57.93,60.81,61.79,62.49,64.17,53.64,62.06,58.55
SEM374,Masters,Site_B,49.48,52.11,51.64,47.73,39.43,45.9,51.73,55.1,39.5
SEM375,Doctoral,Site_B,62.44,64.95,50.65,59.86,55.36,59.53,46.46,52.97,48.45
SEM376,Doctoral,Site_A,49.9,42.3,41.28,46.47,32.3,35.69,48.92,33.63,57.23
SEM377,Masters,Site_A,40.12,39.55,30.82,53.09,66.06,53.56,45.2,38.2,40.22
SEM378,Masters,Site_A,59.55,55.81,,34.25,42.7,27.3,32.4,38.61,41.61
SEM379,Masters,Site_A,44.89,49.59,43.94,47.04,57.64,42.43,46.26,48.98,57.44
SEM380,Masters,Site_C,61.65,59.3,57.74,58.37,63.42,64.2,57.86,47.16,42.68
SEM381,Masters,Site_A,54.82,57.56,39.39,47.85,45.99,64.71,43.07,51.41,64.25
SEM382,Doctoral,Site_A,45.59,42.37,50.72,55.71,56.71,52.95,48.22,54.65,48.98
SEM383,Masters,Site_A,38.65,52.79,56.85,32.88,30.42,41.2,46.78,62.08,34.67
SEM384,Masters,Site_B,71.28,73.19,57.85,51.0,37.81,35.15,47.98,32.18,50.2
SEM385,Masters,Site_B,49.8,42.92,23.85,32.65,47.57,48.53,31.97,54.15,46.47
SEM386,Masters,Site_B,38.02,32.97,34.62,38.51,48.08,50.45,41.46,49.72,33.07
SEM387,Masters,Site_B,56.28,49.76,41.03,52.41,52.97,45.41,65.37,69.51,57.86
SEM388,Masters,Site_A,59.42,58.59,64.06,45.61,53.51,43.03,42.71,49.63,47.71
SEM389,Masters,Site_C,69.68,60.08,66.31,60.56,47.27,67.34,50.24,43.8,51.53
SEM390,Masters,Site_C,51.44,50.34,46.8,42.42,43.76,37.18,39.73,49.82,37.22
SEM391,Masters,Site_A,32.28,50.65,36.05,34.48,47.75,38.54,44.47,37.16,40.85
SEM392,Masters,Site_A,39.75,37.24,30.46,40.11,46.54,46.47,37.4,44.01,42.45
SEM393,Masters,Site_B,53.21,60.53,57.26,56.55,48.6,63.09,46.8,56.05,54.85
SEM394,Doctoral,Site_A,67.35,40.84,60.78,38.28,42.77,48.09,39.8,49.19,48.43
SEM395,Masters,Site_A,37.76,53.35,57.2,67.59,72.59,69.14,61.79,63.96,58.15
SEM396,Masters,Site_A,43.95,49.04,44.09,54.38,54.31,50.89,62.38,50.74,57.06
SEM397,Masters,Site_A,41.08,53.56,48.97,38.07,28.14,38.84,32.59,39.19,28.28
SEM398,Masters,Site_C,68.43,61.57,58.04,62.25,69.79,66.78,78.03,74.31,55.69
SEM399,Masters,Site_A,54.09,52.37,51.63,46.97,22.48,44.25,57.54,52.19,42.31
SEM400,Masters,Site_A,33.82,41.36,44.91,54.95,57.54,47.03,50.05,54.68,57.19
SEM401,Masters,Site_C,40.46,25.93,48.16,45.79,42.69,58.02,39.14,43.09,48.43
SEM402,Doctoral,Site_A,44.74,40.76,44.2,51.71,58.23,49.87,60.87,51.41,44.12
SEM403,Masters,Site_A,59.45,51.94,47.9,71.38,77.1,52.62,67.24,76.79,70.05
SEM404,Masters,Site_A,50.37,58.92,61.9,49.94,56.39,58.03,39.19,42.66,34.78
SEM405,Masters,Site_C,62.31,38.3,69.67,57.55,49.17,40.29,56.52,51.64,58.82
SEM406,Doctoral,Site_B,52.37,53.16,56.82,63.99,52.78,65.82,60.23,53.65,59.28
SEM407,Masters,Site_A,41.48,45.66,48.04,49.2,39.89,39.51,,41.87,58.11
SEM408,Masters,Site_A,57.68,55.38,58.55,39.98,29.04,35.84,57.89,63.36,69.09
SEM409,Masters,Site_B,37.85,27.55,44.81,47.85,41.4,45.71,36.96,45.75,40.25
SEM410,Doctoral,Site_B,36.73,37.29,25.33,31.14,36.0,34.87,44.07,46.09,33.75
SEM411,Masters,Site_B,62.11,56.44,53.43,56.51,70.7,62.17,41.28,58.03,49.85
SEM412,Masters,Site_B,53.14,56.15,44.55,51.52,47.58,51.42,47.21,51.98,49.74
SEM413,Masters,Site_C,14.74,37.77,32.12,18.81,37.38,45.1,26.53,21.06,24.49
SEM414,Masters,Site_A,50.12,62.36,60.54,48.3,59.92,52.51,47.37,46.6,42.14
SEM415,Doctoral,Site_C,34.8,23.63,53.2,43.43,41.97,41.28,40.02,42.94,44.84
SEM416,Doctoral,Site_C,81.08,68.31,69.08,58.99,56.43,67.78,61.55,58.83,51.61
SEM417,Masters,Site_A,51.11,58.65,49.5,28.89,31.06,29.06,47.01,38.87,49.84
SEM418,Doctoral,Site_A,56.45,61.69,47.54,56.15,57.82,52.64,39.55,48.12,58.1
SEM419,Doctoral,Site_C,33.16,43.55,35.37,45.57,47.95,67.76,56.98,62.64,57.2
SEM420,Masters,Site_B,42.25,52.45,48.73,55.5,,49.01,48.71,47.05,45.57