participant_id,programme,q1,q2,q3,q4,q5,q6,q7,q8,q9
MI0001,Masters,1.849611,2.174714,3.042487,2.363062,4.048911,2.378865,2.833303,3.125129,3.061803
MI0002,Masters,2.046713,3.269400,2.510660,2.843009,2.003725,1.817191,3.753343,1.910950,3.772843
MI0003,Masters,3.070530,3.504646,2.539562,1.970892,3.058869,3.235087,2.723726,2.330468,2.756774
MI0004,Masters,1.870421,1.980978,1.977619,3.363502,1.611677,1.662825,2.176783,1.972267,0.895197
MI0005,Masters,2.553386,1.949023,2.508000,2.398810,2.837574,2.442567,3.745615,3.419885,2.219345
MI0006,Masters,1.317379,2.823695,2.150125,1.334211,3.632072,2.250094,1.914831,0.630475,2.023894
MI0007,Masters,1.379843,2.048829,2.811338,2.856365,2.746627,1.854290,3.164085,2.053709,2.507654
MI0008,Masters,2.242796,1.667780,1.327765,1.215136,2.120779,0.862909,1.465362,2.460284,3.456255
MI0009,Masters,2.443682,1.503323,2.757554,2.803424,2.578868,2.730768,3.409075,1.257666,3.559129
MI0010,Masters,2.768798,3.011760,3.908190,2.573337,4.093679,2.894678,3.903092,3.581164,2.459744
MI0011,Masters,2.336543,3.175335,3.873570,3.015332,2.879481,2.349671,2.878913,2.034312,1.854392
MI0012,Masters,2.668852,3.092412,3.982710,2.627306,2.153183,2.640972,3.595714,3.180145,3.280717
MI0013,Masters,2.348598,2.709550,2.144152,1.631465,1.422382,2.383864,3.177289,1.758813,2.751727
MI0014,Masters,4.633614,3.494251,3.787143,3.030197,3.291894,3.840792,3.743134,2.578501,3.628733
MI0015,Masters,3.364810,2.718641,2.717084,2.994782,2.721718,2.061147,3.393800,3.050341,2.492988
MI0016,Masters,5.417184,3.550794,3.726658,2.494125,3.624158,3.786352,4.380167,3.041125,3.762928
MI0017,Masters,2.325778,1.949389,4.723692,2.869482,2.335615,2.024067,1.782059,1.863003,3.105344
MI0018,Masters,1.743402,2.384659,2.821184,2.964201,2.229369,1.502494,2.885166,2.060874,2.502554
MI0019,Masters,2.187959,3.512838,5.030527,4.238876,2.452661,4.210138,4.620907,3.575536,2.536454
MI0020,Masters,3.815542,3.904357,1.618244,2.575579,3.882275,2.540494,3.383674,2.852733,2.251424
MI0021,Masters,3.335347,0.954755,2.832848,2.035604,1.176964,2.566911,1.782025,2.240870,2.211249
MI0022,Masters,2.150799,2.255154,2.520166,1.299349,1.468992,2.142633,2.419666,1.890322,2.194566
MI0023,Masters,2.554428,1.775043,2.220087,1.727749,3.079514,2.228513,2.381912,3.833549,3.681636
MI0024,Masters,2.623345,2.510986,1.557374,1.768864,3.128525,1.223183,2.303697,2.307052,2.571056
MI0025,Masters,3.454551,3.354423,3.878300,3.644996,4.814608,3.390953,3.770092,3.260739,3.455733
MI0026,Masters,4.311890,4.582521,4.009655,4.305198,3.164403,3.279642,3.969818,3.077532,3.636417
MI0027,Masters,5.191747,3.440484,4.518074,5.268711,3.659063,4.186318,4.460773,2.280442,4.248805
MI0028,Masters,2.787919,0.788714,1.984730,1.761424,0.943286,1.578382,0.879285,0.793061,2.701613
MI0029,Masters,2.669988,2.627461,3.115772,3.914006,4.185748,3.219406,4.185432,2.793907,3.975269
MI0030,Masters,3.068967,5.558070,4.914192,4.453922,4.998073,3.564958,5.215153,5.310276,4.949831
MI0031,Masters,3.336862,1.699517,2.155685,3.373027,4.622432,3.001890,2.573326,4.676677,3.565458
MI0032,Masters,3.662150,4.732351,4.637463,4.734115,3.214929,4.949501,4.330037,4.472248,5.547757
MI0033,Masters,1.887407,2.648210,2.612806,2.341436,2.716635,3.708385,3.759130,2.049038,2.868596
MI0034,Masters,2.742874,2.448058,3.941596,2.442469,2.260421,2.836214,2.477379,1.750860,2.090968
MI0035,Masters,2.324560,3.351090,3.285515,3.115762,4.140754,3.062100,3.265693,1.977828,3.364575
MI0036,Masters,3.124874,4.121111,3.891924,3.306514,3.934742,2.977738,4.200845,2.570199,3.479725
MI0037,Masters,1.353005,2.523062,1.523007,0.963874,2.074362,1.533689,1.298918,2.477512,1.060860
MI0038,Masters,2.537704,2.932229,3.914055,4.001191,0.993364,2.766332,2.859251,2.060371,1.493172
MI0039,Masters,2.660407,2.049996,4.155295,3.092577,2.910975,2.056559,2.592236,1.362092,2.026503
MI0040,Masters,4.496163,3.957851,4.836737,3.882902,4.135893,3.694465,5.441263,4.175160,4.402819
MI0041,Masters,3.668052,2.240090,2.928058,2.057909,2.612934,2.972632,2.629873,2.822201,2.876016
MI0042,Masters,3.591248,2.375282,3.785980,4.084335,3.110239,3.050728,2.007450,2.484857,2.928633
MI0043,Masters,2.134448,2.740481,2.903117,2.543242,2.617676,1.201273,1.976784,3.487645,2.688023
MI0044,Masters,3.968991,3.593161,3.802139,4.357353,4.338120,3.305678,3.823941,2.809051,4.112140
MI0045,Masters,2.496092,2.510152,1.916036,2.143849,3.240287,2.600032,3.361066,4.089017,2.031607
MI0046,Masters,3.150240,2.402663,1.457284,2.956071,2.065549,2.208873,2.298630,3.333049,2.793707
MI0047,Masters,2.875055,3.501753,1.674887,1.929190,2.396699,2.686453,2.660092,3.436108,2.133136
MI0048,Masters,2.740132,2.728360,3.833543,4.010655,3.748779,2.022404,2.782751,2.773603,3.583937
MI0049,Masters,1.161419,1.638235,4.219823,1.501188,2.286357,2.042075,1.366578,1.119972,2.868898
MI0050,Masters,0.770672,2.496271,2.072133,1.890970,2.618200,1.891907,1.819154,2.179848,1.768271
MI0051,Masters,2.173386,2.140486,2.682514,1.446705,1.448235,0.196538,2.151162,1.715872,2.338033
MI0052,Masters,4.153102,3.137026,3.027878,3.530980,3.132825,3.855990,3.104150,3.182957,2.895968
MI0053,Masters,3.415253,3.210128,2.508588,3.077615,2.846471,2.052654,2.832441,2.666249,1.935044
MI0054,Masters,2.397982,1.152310,1.288509,0.455568,1.307426,1.377348,1.741413,1.215743,1.239473
MI0055,Masters,3.691652,4.299839,4.028555,4.124587,4.002842,2.895146,4.037176,3.585250,3.708088
MI0056,Masters,3.198966,2.947065,1.460737,2.356216,3.456687,1.723653,2.914941,1.667928,3.750482
MI0057,Masters,3.929243,3.965802,4.567508,4.124750,4.901770,4.665844,4.491948,2.284578,3.946659
MI0058,Masters,2.571173,3.004730,5.200487,4.033963,5.083924,4.049019,4.109285,3.284640,3.172564
MI0059,Masters,2.700792,2.571198,3.841082,2.416396,2.309048,2.620452,3.132276,2.517889,1.873364
MI0060,Masters,2.263993,2.744674,3.836677,2.197003,3.214067,2.831258,3.875248,3.493972,2.900300
MI0061,Masters,2.979380,3.638229,3.959463,3.040960,2.476758,2.223554,4.417249,3.986426,3.160074
MI0062,Masters,3.087936,2.802223,3.685440,3.220384,2.690805,4.644768,3.508227,2.698220,3.830335
MI0063,Masters,3.257959,2.955218,4.278738,4.366833,3.926643,3.147824,4.712798,3.007645,4.016621
MI0064,Masters,0.702137,0.899226,1.862612,0.724770,0.920798,0.228659,1.500432,0.661399,1.915632
MI0065,Masters,3.377843,3.552543,3.252311,2.672770,2.564628,3.298845,3.096113,2.276837,2.910969
MI0066,Masters,1.678538,2.345427,3.872114,3.132169,3.422122,1.946795,1.168473,1.546450,1.753734
MI0067,Masters,3.889074,4.196816,3.072746,3.364649,3.938768,3.105822,4.351150,3.114674,3.687758
MI0068,Masters,1.926890,1.778515,3.265528,1.639488,2.724782,2.368688,2.267299,3.351053,3.284324
MI0069,Masters,2.183642,2.794382,2.779784,2.812900,2.857037,2.469775,2.119323,3.144939,3.745848
MI0070,Masters,2.123186,2.755069,3.705189,2.510318,4.223842,3.463197,3.205457,2.522737,3.467329
MI0071,Masters,1.709997,0.919985,1.204551,1.959661,1.100967,0.866625,2.711001,1.506188,1.882116
MI0072,Masters,-0.620496,0.962509,2.770903,-0.174023,0.398255,1.154845,0.876777,1.893179,1.127876
MI0073,Masters,4.025842,2.541443,2.281584,1.689860,2.306517,0.959178,2.306763,3.406002,1.958118
MI0074,Masters,2.805599,2.823731,4.066821,2.722040,2.470212,3.399726,3.732323,2.556267,2.925007
MI0075,Masters,1.366462,3.334582,1.872612,3.978412,3.014578,2.423498,4.406176,3.177174,3.077181
MI0076,Masters,3.183866,3.684027,5.414009,4.017754,4.184463,2.502095,4.495858,3.854511,3.065794
MI0077,Masters,3.955130,2.352000,2.606755,2.629155,3.886506,2.823524,2.878555,3.749123,3.165754
MI0078,Masters,2.336425,2.599934,3.445979,1.681995,1.518564,3.125147,3.217832,3.648951,2.366854
MI0079,Masters,4.040544,4.266364,5.299241,4.979887,4.066710,5.570702,4.810876,4.638713,3.393562
MI0080,Masters,4.755394,4.130252,4.079693,4.690492,4.337339,4.927867,4.627946,3.909770,3.834660
MI0081,Masters,0.927988,1.988166,2.500647,1.327448,2.087644,3.000048,2.208209,2.179315,2.333990
MI0082,Masters,2.365136,2.187542,1.472578,3.157623,2.868848,1.958300,2.593485,3.556387,2.178226
MI0083,Masters,4.630355,3.759839,5.317439,3.879741,4.636481,3.898033,4.405120,4.161315,3.383985
MI0084,Masters,3.413403,3.626797,3.515701,3.360451,4.411770,2.298460,3.681842,1.109945,2.382689
MI0085,Masters,3.193885,2.805909,3.302209,2.132923,2.845933,3.581995,3.968897,2.282695,3.306610
MI0086,Masters,3.776367,2.612636,3.853220,3.388322,2.475536,3.840525,2.725437,2.981921,2.563385
MI0087,Masters,2.591011,3.216823,3.499051,2.409350,3.332404,2.424722,3.740531,2.627365,3.215948
MI0088,Masters,4.451026,3.956316,3.787636,3.102517,3.692903,3.016144,3.764935,3.929653,4.733862
MI0089,Masters,2.651068,1.452869,2.677170,3.159088,3.402984,4.056799,3.252329,3.438860,2.902088
MI0090,Masters,3.182594,3.048757,2.583505,2.494862,3.402174,1.611415,2.409321,2.507683,3.105862
MI0091,Masters,2.443585,2.421038,4.253136,1.178036,3.130735,2.645256,1.957681,2.587647,2.651178
MI0092,Masters,2.734910,3.689465,4.503015,3.907075,3.335658,3.017966,2.814910,3.534739,3.068595
MI0093,Masters,3.601047,3.875591,4.947820,4.084057,2.983501,4.065617,4.150187,5.784877,4.609173
MI0094,Masters,4.304479,2.874684,3.851560,4.547309,3.745566,2.570486,3.663159,2.967384,2.927775
MI0095,Masters,4.555715,3.498507,4.363471,4.469615,3.945778,4.907017,5.119738,2.705967,3.804017
MI0096,Masters,2.290199,3.441175,2.461585,3.320420,2.638206,2.377605,2.147947,2.701170,3.237630
MI0097,Masters,2.416550,1.541186,2.425410,1.724249,2.609575,1.884197,2.201809,1.841927,4.022005
MI0098,Masters,5.763894,4.135870,3.271250,3.834380,5.401951,4.566098,4.207410,4.998113,4.648810
MI0099,Masters,2.061733,3.119279,2.044489,2.628895,3.532401,3.589135,3.389571,3.331329,4.647675
MI0100,Masters,3.226942,2.451133,2.153778,1.303021,1.645927,2.781820,1.871659,1.339109,2.708817
MI0101,Masters,2.051552,2.019615,3.065446,2.602420,3.167645,2.667506,2.431144,3.159875,2.467128
MI0102,Masters,5.088882,3.626922,3.704315,4.076771,2.951634,3.306113,4.689937,3.648468,4.602520
MI0103,Masters,3.687492,2.490151,2.899559,4.446332,4.202042,2.502631,3.096623,4.058061,3.723322
MI0104,Masters,3.790433,4.002156,4.246570,4.491674,3.775083,3.119411,4.895202,4.609837,4.467094
MI0105,Masters,1.762016,1.876359,1.864499,2.297384,2.301999,1.330824,1.846595,2.344346,2.241427
MI0106,Masters,3.269888,2.414501,0.883414,1.050018,3.597250,1.625978,1.951461,2.733019,2.136970
MI0107,Masters,1.549486,1.999157,2.377515,1.586948,2.236100,1.550410,2.030817,1.501658,2.746695
MI0108,Masters,3.119320,3.628642,4.373979,3.290696,2.466226,3.941459,4.160669,3.617858,3.370465
MI0109,Masters,3.586856,2.470447,3.226915,1.794228,3.604446,1.128098,4.785432,3.569564,2.049463
MI0110,Masters,1.892146,2.431483,2.905048,3.181503,2.787073,3.329742,2.321618,0.953375,2.425002
MI0111,Masters,3.458320,3.394736,3.887070,2.948168,2.400529,3.515217,2.580582,2.553438,3.397930
MI0112,Masters,2.281601,1.346105,1.866226,2.514657,2.792448,3.496879,2.859609,2.031243,2.606751
MI0113,Masters,3.282608,2.694792,3.801056,2.917431,2.345147,3.957829,3.897016,3.549467,2.644249
MI0114,Masters,3.120295,3.219286,4.680439,2.863175,2.524322,2.197204,2.983521,2.663023,2.994096
MI0115,Masters,3.040733,3.732106,4.604082,2.406465,3.982283,1.434563,4.190545,2.861706,3.002703
MI0116,Masters,3.981315,1.338494,2.703738,3.157670,2.295616,3.311492,3.520033,2.442534,2.283987
MI0117,Masters,3.300035,3.948619,2.815199,3.047005,2.396954,2.794974,2.232608,2.024407,3.591094
MI0118,Masters,4.179894,4.335799,4.150700,4.727198,2.741197,3.210341,4.485492,2.691043,4.509393
MI0119,Masters,3.123990,3.163371,3.711550,3.639952,3.419892,1.432859,3.823922,3.981395,3.102065
MI0120,Masters,3.813376,3.908572,3.815212,3.599943,3.482182,2.603806,3.293355,3.721490,3.831983
MI0121,Masters,3.241925,3.842440,3.387104,2.497942,3.904201,4.202969,2.942836,2.991263,2.326776
MI0122,Masters,2.470077,2.933374,2.685097,2.080931,3.818204,1.674692,3.329445,1.907313,2.822331
MI0123,Masters,3.064587,1.623016,1.416683,1.514007,2.735066,0.311642,3.228629,1.355358,2.030509
MI0124,Masters,4.045760,3.252504,4.585585,3.675625,3.435457,4.417300,4.156135,4.519044,5.040069
MI0125,Masters,1.767070,1.260170,2.231389,2.290239,1.224268,3.458391,2.295791,2.020106,1.639460
MI0126,Masters,3.234644,2.537801,3.457381,3.569948,1.905671,2.518168,2.993792,2.354627,3.810410
MI0127,Masters,4.250774,3.969883,4.520340,3.002974,4.532119,3.378754,3.364161,2.640301,3.891969
MI0128,Masters,3.120704,3.498762,2.619266,2.839811,3.991439,3.112760,3.110977,1.326058,2.435017
MI0129,Masters,2.599461,2.090708,2.577722,2.248137,2.879561,2.796628,3.613866,2.106142,2.050381
MI0130,Masters,1.904187,2.649395,1.977839,2.589784,2.743307,3.429958,2.208782,2.863250,2.085730
MI0131,Masters,3.227841,2.821350,3.365330,3.384704,2.071016,1.949392,2.288153,3.872497,3.006846
MI0132,Masters,5.396437,4.509334,3.958919,5.879991,5.056336,5.209990,5.727917,3.984171,6.521031
MI0133,Masters,2.838032,3.216841,1.432467,2.494263,2.124344,2.631256,2.641920,2.974988,3.094122
MI0134,Masters,4.096648,3.411305,3.308265,3.177764,2.814165,2.443139,4.460234,2.672053,3.058111
MI0135,Masters,3.867666,3.674635,2.576566,3.977931,3.357300,2.957732,3.446221,2.430807,3.881033
MI0136,Masters,1.337216,1.637569,3.554802,1.498073,2.689840,1.737263,2.663286,2.179104,1.790915
MI0137,Masters,1.896592,2.242759,3.151595,2.289585,4.505553,2.641438,2.629567,3.533270,2.907690
MI0138,Masters,2.944752,2.039416,3.407695,3.859009,4.559481,2.518487,3.449653,3.342125,3.941784
MI0139,Masters,3.684813,2.868170,3.575548,2.948295,2.280753,3.853540,2.796074,2.381630,3.183230
MI0140,Masters,3.972980,2.638950,2.490686,2.282900,2.003763,0.307760,2.641981,3.237568,3.387493
MI0141,Masters,3.063047,2.655035,4.366646,3.215184,3.392015,2.756269,3.670095,1.630506,3.499913
MI0142,Masters,4.915062,4.205402,5.137019,5.260655,4.329284,4.847767,4.907442,4.989079,6.125840
MI0143,Masters,3.583562,2.604360,2.390979,2.301428,2.800045,2.281941,3.643941,2.796072,2.220158
MI0144,Masters,3.119741,3.166889,4.631906,2.170441,3.027271,3.295261,2.969897,2.988891,3.571997
MI0145,Masters,2.958866,1.862242,3.209111,3.045152,4.226938,3.070010,4.337805,3.344380,2.839260
MI0146,Masters,2.179073,3.320049,3.240890,1.726654,2.270972,2.653580,2.801227,2.818799,1.697611
MI0147,Masters,2.292129,1.052558,0.909898,1.035022,2.663234,1.954490,1.352198,2.851384,1.078136
MI0148,Masters,3.817007,3.612850,4.577442,4.472871,3.655790,3.324965,3.947004,4.774618,2.741351
MI0149,Masters,5.699293,4.606675,3.949232,5.865796,4.423380,4.240953,5.251533,4.653174,5.870313
MI0150,Masters,2.871197,2.073616,4.515743,4.523347,3.725077,2.771079,3.685988,3.621629,3.805979
MI0151,Masters,2.532557,1.816658,3.839912,2.169779,2.031378,0.956742,2.586761,2.653810,2.210864
MI0152,Masters,3.874928,2.341290,2.413750,2.072147,3.903014,2.303276,3.667134,3.450444,3.969233
MI0153,Masters,3.463828,2.439216,2.809979,2.866323,3.237941,3.134196,3.359527,3.083515,1.764383
MI0154,Masters,2.815463,2.592581,3.735870,2.478155,5.759201,3.023777,3.393536,2.336392,3.911050
MI0155,Masters,3.417028,2.377151,2.369322,1.457961,2.011128,2.136201,2.803344,1.708107,2.766299
MI0156,Masters,1.796081,1.103666,2.108791,2.146041,4.020007,3.008942,2.393044,2.432637,2.196269
MI0157,Masters,0.502335,1.996769,1.220349,1.649040,1.577376,1.192812,1.032016,1.543803,1.981210
MI0158,Masters,2.984118,1.677246,2.515148,2.013097,4.001511,1.134980,2.831218,2.822463,0.804442
MI0159,Masters,1.561542,0.903597,2.049452,2.860747,2.447594,1.393542,3.096774,2.935217,2.959912
MI0160,Masters,5.914961,4.658509,4.506776,5.949182,5.731501,5.891997,4.921372,3.181871,4.242718
MI0161,Masters,1.750045,2.915484,3.008586,3.124614,3.062523,2.951403,3.222809,2.563169,2.906817
MI0162,Masters,1.431109,2.275873,3.477770,2.293443,1.535643,1.918218,0.765048,1.237074,2.293194
MI0163,Masters,2.250669,2.429445,1.457206,2.837307,2.444348,1.382008,1.195609,1.893267,1.816527
MI0164,Masters,3.810754,3.471688,3.944986,3.783685,2.795243,2.968650,3.422713,2.333092,3.323613
MI0165,Masters,4.088397,3.986779,4.541352,3.686822,3.661637,3.124575,2.485133,4.453640,4.270100
MI0166,Masters,2.738132,3.045717,3.723465,2.509490,3.709288,4.757916,2.907803,3.468563,2.653637
MI0167,Masters,4.260996,4.579685,3.388796,4.450813,5.207818,2.872350,3.732874,4.446950,4.260869
MI0168,Masters,3.335438,4.219658,3.552787,3.563420,2.921528,3.345224,4.310338,3.159048,3.983478
MI0169,Masters,4.537679,4.879668,4.386328,4.080061,5.565627,4.224514,5.343286,3.005230,5.285054
MI0170,Masters,1.408883,2.493206,1.978620,3.082603,2.627741,3.040378,3.072847,3.344604,1.722366
MI0171,Masters,1.422845,3.094483,2.994629,2.661684,3.384881,2.098452,3.662976,1.414496,2.950993
MI0172,Masters,5.319870,4.102764,4.572428,5.586836,5.108987,4.266279,4.932208,3.629682,4.483674
MI0173,Masters,2.866895,2.640083,1.986704,2.725189,3.149821,2.406907,4.486292,3.163523,2.730958
MI0174,Masters,2.532131,1.519346,1.580389,2.450677,2.470393,2.698391,1.865752,2.524683,1.945026
MI0175,Masters,3.366688,3.789447,3.399298,3.584560,3.801261,3.579880,2.783020,3.927023,3.571110
MI0176,Masters,3.694609,2.855453,3.510342,2.991945,3.306553,3.661064,3.908116,3.379114,2.138025
MI0177,Masters,4.128057,4.746793,3.363966,4.979203,3.779417,3.419110,4.851790,2.976544,6.301049
MI0178,Masters,3.010894,2.616731,2.309403,2.781230,3.049362,2.587702,3.219298,3.006464,3.092423
MI0179,Masters,4.114297,2.823152,4.523419,3.619246,3.755101,3.968993,3.759384,2.694496,3.330033
MI0180,Masters,4.475884,3.987021,4.242228,4.134023,4.366291,2.936997,4.491253,3.344130,4.234038
MI0181,Masters,1.837737,2.853768,2.060674,2.713161,2.873285,1.413060,2.623968,2.377170,1.547467
MI0182,Masters,1.927791,1.459648,1.159558,0.776626,1.988718,2.120986,1.491551,1.773288,2.392675
MI0183,Masters,1.798751,0.850305,1.959948,0.861688,2.202673,1.505889,2.773927,3.196286,0.787266
MI0184,Masters,5.010754,3.781969,3.389325,4.988386,2.216232,4.251404,4.025654,4.505580,5.096530
MI0185,Masters,4.168792,3.319070,4.245192,4.140305,4.642385,4.445017,4.799058,4.183534,4.144733
MI0186,Masters,2.490942,2.189233,2.814932,1.927767,2.186844,2.915110,1.283575,2.878343,3.201863
MI0187,Masters,2.749673,3.707943,1.165566,2.357157,3.438070,3.432859,3.369023,3.354293,2.422793
MI0188,Masters,3.563758,2.427774,3.117100,2.277528,2.569637,3.536758,2.624130,3.578037,1.995716
MI0189,Masters,4.547951,4.647440,3.737036,3.080846,3.877431,3.356852,4.191265,2.876441,4.225912
MI0190,Masters,5.461941,3.723480,3.046510,3.623054,3.448038,4.238284,4.050790,3.777366,3.094339
MI0191,Masters,2.789190,2.344949,3.292331,1.696775,2.667500,3.089843,3.622474,3.239060,2.107125
MI0192,Masters,2.496377,4.060109,1.824606,2.441877,3.214451,2.710331,1.421046,3.199163,2.615424
MI0193,Masters,3.772862,4.490464,3.018678,3.223879,3.982124,3.856458,3.760912,3.841913,4.147561
MI0194,Masters,3.625042,2.928337,1.825827,1.895241,2.492272,3.258090,2.099777,2.260568,2.102263
MI0195,Masters,2.317689,2.145321,4.016209,2.027586,2.457259,2.075676,2.780013,1.760637,2.780030
MI0196,Masters,3.142100,1.747826,4.310153,3.093368,3.507352,1.289958,3.186947,2.806092,3.122680
MI0197,Masters,4.093715,3.477727,3.422676,3.316107,4.343180,2.913304,3.937548,2.654561,3.113258
MI0198,Masters,4.565158,2.297076,4.620707,3.070481,4.270798,5.041705,4.844157,3.114576,3.217443
MI0199,Masters,4.633448,3.206936,3.488197,3.056537,4.552163,3.314069,3.754490,4.184705,4.637543
MI0200,Masters,1.555939,1.303580,1.480580,1.478895,0.844754,0.160547,1.208290,1.223777,0.107468
MI0201,Masters,2.908102,4.343230,3.863830,2.832373,2.441677,2.983313,3.089237,1.926404,1.887344
MI0202,Masters,0.187676,0.937785,1.963263,1.956250,2.845828,1.589155,1.815331,1.919645,2.050777
MI0203,Masters,2.651132,2.979571,1.559669,1.577564,2.612150,2.249868,2.365610,0.570717,2.166444
MI0204,Masters,2.866847,1.621824,3.908806,2.579428,2.341435,2.094552,2.813989,2.301838,3.128618
MI0205,Masters,1.393587,1.532531,2.086492,1.709810,2.267351,2.501400,2.052872,1.927937,1.117895
MI0206,Masters,3.503157,3.729116,1.582781,2.821980,2.697204,2.863912,4.423345,2.825168,2.809164
MI0207,Masters,2.749633,1.528813,2.495958,3.042244,1.362362,2.362298,2.594552,1.819195,2.776662
MI0208,Masters,2.318953,1.940598,1.207672,1.685128,2.970813,1.579722,2.813034,1.954562,2.118481
MI0209,Masters,2.994402,1.715537,2.476633,1.224315,2.526264,2.646376,1.525082,3.364948,2.483257
MI0210,Masters,5.812783,4.496779,5.152413,4.783071,4.167063,4.329834,4.308547,4.799557,4.848719
MI0211,Masters,4.392808,3.771394,3.449294,3.598983,3.355886,4.136435,3.852685,2.763569,3.459648
MI0212,Masters,3.228240,2.192536,1.914137,3.001792,2.556977,3.253086,2.752506,3.281052,3.326645
MI0213,Masters,1.325034,1.928165,1.688389,1.910114,1.771516,0.142520,0.946675,2.371242,0.826738
MI0214,Masters,4.330617,3.426680,2.826143,4.529341,3.626265,3.395186,3.432525,4.676355,3.985745
MI0215,Masters,5.030271,4.686811,4.510795,3.609687,3.515410,3.643822,4.249852,3.769261,4.496863
MI0216,Masters,3.034606,3.136444,4.262755,4.286433,3.607277,2.581958,3.972722,4.013310,2.925919
MI0217,Masters,4.029076,3.088524,3.391381,2.173863,2.716973,1.988279,3.877201,2.978586,3.463931
MI0218,Masters,2.306672,2.784835,2.988208,1.862005,3.323636,3.667382,2.410554,2.648997,3.870838
MI0219,Masters,2.917286,4.501575,2.968528,3.207010,2.209674,3.183388,4.322769,2.817940,3.815680
MI0220,Masters,2.470834,1.916063,3.245292,1.794919,3.258712,2.181182,2.985906,3.143008,3.107254
MI0221,Masters,3.804307,1.955491,3.825872,2.042174,2.783417,3.074921,2.640851,2.613934,2.012597
MI0222,Masters,3.059550,1.820741,3.903710,3.162400,2.015482,1.529018,1.840486,2.312022,2.953556
MI0223,Masters,1.892103,2.044452,3.091369,1.716084,3.350182,1.490942,2.112878,1.485947,2.095822
MI0224,Masters,2.389652,2.740564,4.304824,2.741441,3.949396,3.947990,2.616457,2.361156,3.233671
MI0225,Masters,4.284893,3.983253,4.476196,5.176600,5.660101,2.788111,4.193308,3.976568,4.237548
MI0226,Masters,2.376344,1.980191,2.324527,1.507978,2.749275,0.812076,2.575064,2.363616,1.306497
MI0227,Masters,3.543364,4.184874,5.915387,4.206907,4.088463,3.373304,4.667428,5.067928,4.142698
MI0228,Masters,2.101554,2.938692,1.962677,3.288563,2.377263,2.330736,2.561731,2.301265,2.588400
MI0229,Masters,2.785126,2.378971,3.382577,4.414771,3.099927,2.402604,2.599927,3.323233,2.322310
MI0230,Masters,5.647929,4.100184,5.116635,5.407700,4.088457,4.514204,5.013181,4.032096,4.471996
MI0231,Masters,3.623689,3.530223,2.796934,3.769251,6.061644,3.198093,3.435651,2.975099,3.133216
MI0232,Masters,2.801732,2.442122,3.217283,3.217651,2.518338,3.288380,3.068769,2.987793,3.186029
MI0233,Masters,2.147136,3.255580,2.063800,0.827155,1.291883,1.649801,2.178508,1.960148,2.389424
MI0234,Masters,3.797827,2.484143,3.042543,3.335625,4.344802,2.793698,3.297965,2.998446,2.880194
MI0235,Masters,3.431774,3.061055,2.557762,2.364659,3.303243,3.200677,3.169393,4.074139,2.628647
MI0236,Masters,2.833332,2.371371,3.957499,3.939273,2.778266,3.035064,3.524658,4.128467,3.230919
MI0237,Masters,3.119236,3.620157,4.739093,3.709461,2.486753,2.744006,3.183821,2.975515,3.472823
MI0238,Masters,4.265415,5.093771,3.646335,3.393427,3.885225,4.147729,4.426757,3.759452,4.573130
MI0239,Masters,1.704987,2.869423,3.697192,3.108735,4.092733,2.357406,2.609584,2.215035,2.632860
MI0240,Masters,3.612771,4.324560,3.667021,3.844946,4.271982,2.528599,3.112966,4.071459,3.641014
MI0241,Masters,2.819588,2.232548,2.803581,2.701549,2.051476,3.650122,2.981281,3.227069,2.082826
MI0242,Masters,0.074844,1.268630,1.595957,2.106972,1.351501,1.204468,1.356975,2.193404,1.916798
MI0243,Masters,4.558809,3.983451,4.065084,3.558544,3.458189,2.809127,4.821042,2.997759,4.870286
MI0244,Masters,1.650432,3.310103,3.941585,2.495646,3.767111,1.337219,3.158813,1.515627,2.600306
MI0245,Masters,4.807990,3.315999,3.772875,4.540435,4.947271,5.617250,4.496125,4.399372,4.968764
MI0246,Masters,3.013927,2.000316,2.598058,2.494445,3.062267,3.035548,0.857240,2.299057,2.958299
MI0247,Masters,4.010721,2.769667,3.871151,3.733924,3.944200,3.226863,4.315997,2.665155,3.867276
MI0248,Masters,2.378921,2.103551,2.200694,1.094211,3.248288,2.322467,3.980455,2.852128,1.286152
MI0249,Masters,2.270323,2.332282,2.924180,2.613254,3.028831,1.999299,2.928578,2.215157,2.643689
MI0250,Masters,2.106349,0.649546,1.524091,0.917957,2.090471,2.056830,2.121412,1.213433,2.428505
MI0251,Masters,3.576229,3.568869,3.682706,4.268657,2.718948,3.464552,3.958942,3.303468,4.291914
MI0252,Masters,2.998123,2.786937,3.826992,2.401049,3.777449,2.501614,2.868854,2.332954,2.290863
MI0253,Masters,3.244287,2.704218,3.402826,2.102473,1.663014,2.660650,2.195213,4.040097,3.264198
MI0254,Masters,2.488871,2.828371,3.316386,3.084307,1.213936,2.078572,2.384665,2.096688,1.622987
MI0255,Masters,2.421104,1.459835,2.688033,1.699161,1.191143,1.725651,1.122060,1.347755,2.116793
MI0256,Masters,3.203219,2.803755,3.337573,1.628374,2.864062,2.401703,3.571433,2.363584,3.393307
MI0257,Masters,1.999767,2.487934,4.243771,2.676189,3.510169,1.780266,3.503475,3.089614,2.190980
MI0258,Masters,4.760603,3.139520,5.152959,3.069539,3.124303,5.314329,4.811286,5.263325,4.600714
MI0259,Masters,3.401744,3.046401,4.008625,4.117698,4.951585,3.676695,4.308358,3.618772,3.251144
MI0260,Masters,3.145532,3.494726,4.263384,2.889418,4.579009,2.134105,4.813936,2.642767,4.108604
MI0261,Masters,1.954885,0.390258,3.153705,2.075488,2.419634,2.966874,3.893172,1.226018,1.672428
MI0262,Masters,4.085625,4.379640,3.428621,4.119234,4.247147,4.170304,3.624477,3.945922,3.807666
MI0263,Masters,4.415635,2.315213,4.313556,3.874766,3.334897,4.239186,3.690442,2.790743,2.900817
MI0264,Masters,3.401557,2.055390,3.645311,3.517161,3.833801,2.912837,3.958504,3.181260,4.158155
MI0265,Masters,1.834003,2.217706,2.388435,3.142911,2.758461,1.591572,1.880840,3.016846,2.045151
MI0266,Masters,0.849462,2.135391,0.000280,0.745909,1.412648,0.548636,2.209343,1.746086,1.896088
MI0267,Masters,3.432166,3.865691,3.455485,4.702580,3.130090,3.230855,4.290641,4.930207,4.987757
MI0268,Masters,3.248339,2.063055,3.366343,2.921619,4.359514,3.300538,4.165595,3.161390,4.311592
MI0269,Masters,5.543329,4.799906,4.473414,4.901166,4.299626,4.012145,3.191537,3.805446,5.517722
MI0270,Masters,2.414757,1.682014,4.124726,2.883714,2.529760,2.873300,2.152080,2.016522,1.821992
MI0271,Masters,1.729420,2.780854,2.740612,2.620024,3.387092,2.049116,2.471159,1.955287,2.951404
MI0272,Masters,5.317541,3.525734,3.162373,3.698922,3.503791,3.056762,4.042603,3.492208,4.078943
MI0273,Masters,2.407627,2.790688,2.487987,2.415558,3.514412,2.345201,2.450643,2.418490,1.885740
MI0274,Masters,2.187153,2.862989,3.255667,2.432551,2.810612,2.317753,3.512210,2.443099,3.691112
MI0275,Masters,1.571107,1.656446,3.795645,2.267530,1.434620,1.590250,1.977149,3.558526,1.542319
MI0276,Masters,4.686466,3.546300,3.547060,3.690628,3.600086,3.602687,3.770784,2.059655,4.102538
MI0277,Masters,2.938976,1.536748,2.452244,2.292412,2.533325,1.980103,2.448113,2.106950,1.986848
MI0278,Masters,3.653050,2.479919,3.705179,2.934085,3.342985,2.756310,3.700929,3.010720,3.702484
MI0279,Masters,3.546124,3.287121,3.343623,1.851418,4.048686,2.392230,3.342285,2.612679,2.160661
MI0280,Masters,2.078582,2.326141,3.005213,2.296451,2.245957,2.523220,3.264649,3.194856,2.287409
MI0281,Doctoral,3.588910,3.611231,3.791901,3.827494,3.384945,2.178260,3.694027,4.487959,3.610184
MI0282,Doctoral,4.050529,4.130669,3.021897,4.174740,3.301949,3.687638,3.733808,4.080029,1.447664
MI0283,Doctoral,2.281506,2.128019,3.777913,2.771803,2.675244,1.998978,2.940156,2.640994,2.131969
MI0284,Doctoral,6.298680,3.783785,5.566296,5.753464,4.844159,4.473698,6.600945,4.894812,4.699352
MI0285,Doctoral,4.106914,2.683510,4.126945,3.840338,3.288211,4.193142,2.405207,1.948168,2.455445
MI0286,Doctoral,4.790940,4.084572,4.411278,4.418159,3.146071,1.519191,3.139945,2.711523,2.727466
MI0287,Doctoral,4.687547,3.900440,3.972469,3.643002,4.140714,2.980508,4.020619,4.875325,2.593672
MI0288,Doctoral,2.248658,2.781351,1.410743,1.408280,1.972368,0.357975,2.652096,2.561237,1.293556
MI0289,Doctoral,3.940701,3.262532,3.636710,4.534659,3.894624,4.511320,3.418397,3.071494,3.693459
MI0290,Doctoral,3.134709,3.080502,3.815342,3.415024,3.075202,3.354788,3.457392,2.122876,1.917933
MI0291,Doctoral,4.062798,4.078360,5.068969,3.343533,3.857329,5.163116,3.847646,3.909166,3.981837
MI0292,Doctoral,4.153281,3.932882,3.543870,4.971260,3.789476,4.880833,4.550571,3.088459,3.607932
MI0293,Doctoral,4.195024,3.734167,2.522442,4.081900,3.765110,4.753856,4.178038,5.093849,3.653440
MI0294,Doctoral,-0.456762,0.518385,0.436380,0.075939,0.788034,-1.116376,-0.270452,0.793485,-1.109822
MI0295,Doctoral,3.040965,2.468556,2.852461,4.950630,3.869442,3.617865,3.082279,2.277284,2.740647
MI0296,Doctoral,3.834065,3.803433,3.333332,4.229073,3.992699,4.719714,4.521055,2.616694,4.563740
MI0297,Doctoral,3.931701,4.754235,3.688233,3.149097,4.510328,3.855395,3.262418,3.082200,2.634847
MI0298,Doctoral,4.761741,2.497401,5.464879,5.764635,3.568574,3.392094,4.826186,3.914489,3.325798
MI0299,Doctoral,4.207016,1.992275,4.290547,2.502294,3.955899,3.645616,4.288420,3.369991,1.886281
MI0300,Doctoral,2.783487,3.709276,5.065896,3.932815,2.398021,3.700082,4.088423,2.918497,2.324003
MI0301,Doctoral,1.096456,1.350268,3.011728,2.007802,3.329903,1.868224,0.756108,1.142116,2.582119
MI0302,Doctoral,2.235413,2.548760,2.956395,3.812007,2.021695,2.994821,3.652884,2.006325,1.261081
MI0303,Doctoral,2.808004,3.580066,2.946921,4.171803,1.654072,1.770561,3.383808,0.532075,2.111730
MI0304,Doctoral,1.002603,2.208724,2.766633,2.609196,1.782967,2.126094,0.580915,1.769899,0.200930
MI0305,Doctoral,3.366356,3.680376,4.184651,4.581746,4.313606,3.574901,4.249214,4.109979,3.499167
MI0306,Doctoral,5.382691,4.320612,6.396756,5.576507,5.719914,3.496428,4.356569,4.627933,3.960916
MI0307,Doctoral,4.690181,4.881066,4.058214,5.015149,5.361370,4.465482,4.807181,4.875523,4.439257
MI0308,Doctoral,3.700906,3.360217,3.454891,3.659523,3.416831,3.139162,3.527142,4.906257,2.388742
MI0309,Doctoral,1.770574,2.846142,1.362048,1.332875,2.398596,2.472857,3.026462,2.890324,1.633761
MI0310,Doctoral,0.636171,1.458295,1.013217,1.043252,1.748497,0.527155,0.894596,0.123317,0.954811
MI0311,Doctoral,3.728162,2.191277,3.692826,3.999118,3.800165,5.099303,2.626666,2.359827,2.506699
MI0312,Doctoral,5.308320,3.940733,3.904380,5.105527,2.624599,4.673128,3.617518,5.905234,4.000645
MI0313,Doctoral,3.752176,3.309216,4.596287,5.063136,3.325851,3.582863,4.861832,4.506624,2.988888
MI0314,Doctoral,2.286288,2.650921,2.293515,3.457073,2.636793,1.543406,2.965300,1.282163,1.925310
MI0315,Doctoral,3.851652,4.166557,4.982084,4.414900,4.036709,3.366110,3.694453,4.256270,3.894063
MI0316,Doctoral,3.732568,3.097313,2.880216,2.873146,2.470142,3.238434,2.382298,2.361577,2.979083
MI0317,Doctoral,3.104542,3.006527,3.109134,4.482220,2.732743,3.270334,4.197369,3.918697,3.098428
MI0318,Doctoral,3.630531,3.536124,3.867476,4.512192,3.567279,2.575950,4.511358,4.475617,2.264428
MI0319,Doctoral,2.918979,1.897750,3.155367,2.728125,2.172636,2.238955,3.557768,2.100899,1.807925
MI0320,Doctoral,2.536270,3.796248,3.232714,4.081498,4.226850,2.722298,4.218268,2.694113,3.747203
MI0321,Doctoral,2.963718,3.052740,3.551576,3.128948,3.789107,1.990635,2.044943,3.452419,0.838476
MI0322,Doctoral,2.880525,2.684417,3.619077,4.378877,2.873727,2.960101,3.560305,3.698826,2.670739
MI0323,Doctoral,3.111904,3.529932,3.772390,4.121013,3.920750,2.365965,3.236197,2.222001,2.527617
MI0324,Doctoral,3.533223,3.306526,2.083771,3.260906,3.230288,3.092187,5.022709,2.946269,3.355937
MI0325,Doctoral,2.994380,2.699462,3.876504,4.099645,2.891900,3.955362,3.980243,2.133857,2.629871
MI0326,Doctoral,3.529104,3.489855,3.216018,4.629167,3.177843,3.094149,4.532201,4.219944,2.452298
MI0327,Doctoral,3.136311,4.173932,2.828780,2.924469,3.437520,2.864668,4.007799,3.349225,4.357816
MI0328,Doctoral,3.650648,1.190865,3.035495,3.311779,4.087466,2.753385,2.433609,4.311348,2.153226
MI0329,Doctoral,1.918316,1.787532,1.874427,2.778722,3.232811,2.076530,3.603655,2.559521,2.807216
MI0330,Doctoral,2.622165,3.358309,2.762884,3.524465,2.606342,2.272581,3.081908,2.420397,2.707880
MI0331,Doctoral,1.697852,1.783680,2.409784,1.562509,2.573121,1.303424,2.377303,1.462075,0.736650
MI0332,Doctoral,3.859488,3.917769,4.912590,4.004627,3.424762,3.124432,4.020164,4.270114,3.521100
MI0333,Doctoral,2.991842,2.851241,3.843083,3.550344,3.117506,3.288793,2.960404,3.333503,1.177103
MI0334,Doctoral,5.481368,3.328216,4.732245,4.788535,4.930600,3.773748,5.247607,5.560477,4.462062
MI0335,Doctoral,3.728237,4.345390,4.081879,4.317224,4.139084,1.955971,3.310039,2.398973,4.131982
MI0336,Doctoral,3.290533,2.958508,1.984037,3.524888,2.951815,2.236123,2.622960,1.934035,3.428672
MI0337,Doctoral,3.061991,4.006549,3.271443,3.423140,2.768976,3.260614,3.258761,3.133023,4.019717
MI0338,Doctoral,3.238678,2.076884,2.725483,4.381279,3.235359,2.538527,2.377051,3.115883,3.726229
MI0339,Doctoral,3.356009,2.327563,2.886312,3.358823,3.721660,2.789889,4.280519,2.505884,1.437984
MI0340,Doctoral,3.586577,3.038346,3.136102,4.393751,2.215268,3.567084,4.295724,1.722928,3.758814
MI0341,Doctoral,2.441007,1.787382,2.057205,1.510428,2.048563,1.350108,2.174650,1.415686,1.471719
MI0342,Doctoral,3.002045,2.963273,3.490725,3.428624,3.006313,2.770063,2.988845,3.053516,2.720782
MI0343,Doctoral,0.510732,1.079327,1.892467,1.217993,1.371255,1.753053,0.803816,0.567392,0.926984
MI0344,Doctoral,1.928403,3.049361,2.509101,4.418611,3.339418,1.840928,2.940114,2.797574,2.890215
MI0345,Doctoral,3.801187,3.549423,3.350123,3.354629,3.747562,2.843591,4.289330,3.899675,3.316845
MI0346,Doctoral,3.166872,4.008566,4.670232,4.728262,2.024553,3.748585,4.475152,5.147772,3.187527
MI0347,Doctoral,2.070421,1.022431,1.399430,2.554663,2.681877,1.697667,1.982000,0.924150,-0.143575
MI0348,Doctoral,5.085085,3.557649,4.455240,4.187365,3.822432,2.718393,3.441569,3.586330,5.070071
MI0349,Doctoral,3.867021,1.716532,3.378105,4.710492,3.877581,3.911849,3.072116,3.985029,3.408589
MI0350,Doctoral,4.267457,3.392742,4.180227,3.627118,5.112911,1.579684,3.788159,2.422833,3.534272
MI0351,Doctoral,2.867803,1.755699,4.245738,3.120023,3.211532,2.328744,4.159303,2.233728,3.148543
MI0352,Doctoral,4.731896,4.026635,5.558071,5.252930,4.274383,4.061309,4.829779,4.418012,3.930020
MI0353,Doctoral,3.487531,3.674487,2.917716,3.230352,3.480431,3.132693,3.836503,2.680852,4.859318
MI0354,Doctoral,2.234056,2.305283,3.764118,2.935021,2.492655,2.723928,3.764940,3.123206,1.052615
MI0355,Doctoral,1.231891,0.920326,1.960314,1.462584,2.412763,1.844510,1.475145,2.816726,2.292537
MI0356,Doctoral,2.011539,4.096425,3.965589,4.368610,3.681543,3.123866,3.061147,3.388864,3.530823
MI0357,Doctoral,4.783009,3.560225,5.009409,4.979402,5.151004,4.104406,4.273148,5.114750,4.962032
MI0358,Doctoral,2.186996,2.054422,2.995647,3.215873,2.965639,2.837171,3.361416,2.439225,2.246682
MI0359,Doctoral,4.707466,3.945895,4.703176,4.724818,5.767181,3.248929,4.236595,5.411960,4.632227
MI0360,Doctoral,5.838547,3.463939,5.974778,4.160593,5.515424,4.420952,4.696234,4.404676,3.598652
MI0361,Doctoral,1.412902,2.205544,2.407620,1.328595,2.596747,2.471106,2.744880,1.071300,1.742761
MI0362,Doctoral,2.971344,2.390615,3.278636,2.834221,2.774883,3.114108,2.884654,2.331310,2.488518
MI0363,Doctoral,1.738897,1.670124,2.506572,2.083260,1.856095,2.997332,2.991876,2.740133,2.093349
MI0364,Doctoral,4.772073,4.392841,5.104366,4.659488,4.134728,4.189565,4.368881,2.587749,4.244006
MI0365,Doctoral,3.336316,3.091746,4.164995,3.770821,5.072768,2.503828,3.023072,2.687845,2.224765
MI0366,Doctoral,2.479225,2.574296,3.048070,2.932547,3.437448,2.254106,1.651535,1.584839,2.613366
MI0367,Doctoral,3.870493,3.791910,2.528139,5.417392,3.606283,3.217507,4.297924,3.464429,3.225085
MI0368,Doctoral,2.855627,4.058865,1.314669,3.214793,2.710498,3.613665,3.663737,1.789746,2.517426
MI0369,Doctoral,2.804901,2.900931,2.849384,4.334324,2.953227,2.078305,3.999196,3.173307,3.250523
MI0370,Doctoral,2.682007,2.168332,1.470585,3.632723,3.764185,1.964296,2.824599,2.206199,2.945077
MI0371,Doctoral,3.241608,2.244948,2.795097,2.743219,2.989024,3.412599,3.169010,3.199872,2.263437
MI0372,Doctoral,6.080677,2.687864,3.995831,4.787409,3.979697,4.782016,5.643819,4.179865,5.306555
MI0373,Doctoral,1.596715,1.362394,2.203244,2.809369,3.548698,1.657850,2.083801,0.651124,1.933310
MI0374,Doctoral,2.948753,3.150749,3.101144,3.249467,3.055189,3.663188,3.715932,3.623030,3.410371
MI0375,Doctoral,5.045499,4.033658,5.029341,3.689648,4.538682,4.209313,4.159834,4.242099,3.909281
MI0376,Doctoral,3.248864,3.364252,3.206892,3.795121,2.848542,2.333363,3.490737,2.028335,2.293787
MI0377,Doctoral,2.224568,1.653351,2.841154,2.183041,2.166053,2.790624,2.764423,1.657680,2.534639
MI0378,Doctoral,5.466168,5.174368,5.118737,5.742623,5.297554,3.341967,5.260396,4.902184,4.008976
MI0379,Doctoral,1.426648,1.233654,1.592290,3.041202,1.576037,2.500671,3.005340,2.234079,1.625235
MI0380,Doctoral,4.997486,4.928033,5.215966,6.976317,5.272945,4.751402,4.664556,5.202451,4.191992
MI0381,Doctoral,3.861538,4.362383,4.224348,3.773127,4.181646,3.266266,4.614270,3.726562,3.318236
MI0382,Doctoral,3.898735,2.746053,4.502269,4.094477,3.388217,3.447870,4.105555,3.288308,2.755185
MI0383,Doctoral,2.386760,2.073057,3.265558,3.173291,3.734722,1.968695,2.461473,3.067437,2.096894
MI0384,Doctoral,5.166214,3.025275,4.022818,4.015013,4.779228,3.828697,3.285373,2.963788,2.489747
MI0385,Doctoral,4.594957,3.686314,5.569776,4.410266,3.687893,3.967802,3.591022,4.860173,3.016708
MI0386,Doctoral,2.871038,2.711927,2.575176,4.101727,3.604474,3.529855,3.283106,1.661678,2.790404
MI0387,Doctoral,3.492712,3.292224,4.100807,3.586076,4.365012,4.083461,3.607847,4.166724,2.557625
MI0388,Doctoral,4.040590,4.517920,4.721952,4.349775,3.358165,4.302273,3.927031,4.741126,3.086353
MI0389,Doctoral,4.379926,4.280606,4.163633,5.153540,4.481381,4.272382,4.501201,4.444062,3.807553
MI0390,Doctoral,3.326210,4.233386,3.704592,3.580231,4.691998,2.540341,4.207301,2.920058,2.558481
MI0391,Doctoral,1.730545,1.891813,2.229503,2.402425,4.771251,2.606315,1.480932,3.379185,2.265764
MI0392,Doctoral,4.511364,4.109958,3.071159,4.177709,3.207446,3.517725,4.417626,2.897479,4.097545
MI0393,Doctoral,2.900665,2.583187,4.253806,3.719557,2.818364,3.638482,3.706994,3.026695,2.990645
MI0394,Doctoral,3.424137,3.878470,3.237673,3.080639,2.424945,3.189740,3.753365,2.690275,3.060578
MI0395,Doctoral,1.919540,1.710187,3.534736,2.904054,2.552720,3.479208,3.178111,1.081940,2.008065
MI0396,Doctoral,3.399843,3.344323,3.142954,3.002563,2.392069,1.592423,2.528779,3.061495,2.856753
MI0397,Doctoral,3.674694,3.474597,4.324408,4.719558,3.040807,3.071857,3.676531,2.643697,2.974129
MI0398,Doctoral,6.054882,5.968009,5.775300,5.609963,5.750063,5.324926,4.998737,4.752518,5.450266
MI0399,Doctoral,5.244275,4.737918,5.189498,4.437042,5.090842,4.083403,4.388177,4.402410,3.080517
MI0400,Doctoral,4.436638,4.699738,3.959463,4.292891,3.278947,3.882310,4.995098,4.646706,4.217501
MI0401,Doctoral,4.568704,3.976922,4.693914,4.446834,3.363425,3.599013,4.062679,4.517125,1.983875
MI0402,Doctoral,2.715457,2.791366,3.250085,3.703609,3.078118,2.861232,4.351831,1.712283,2.629001
MI0403,Doctoral,2.675510,2.084603,4.253001,3.755051,2.562480,3.612390,2.857593,2.164750,3.277030
MI0404,Doctoral,2.800531,3.311634,3.186058,2.897443,2.263211,2.743499,2.623261,3.354788,2.995675
MI0405,Doctoral,2.682077,2.035914,1.743595,2.389887,1.817496,2.619041,2.453406,1.657598,1.344158
MI0406,Doctoral,4.863598,4.423708,4.386516,4.943251,3.691441,3.963975,3.443482,4.382219,4.856500
MI0407,Doctoral,3.686573,3.081830,2.829229,3.808356,4.221822,4.142725,5.484908,3.933319,2.383229
MI0408,Doctoral,5.146696,5.845754,5.130313,6.912023,5.357589,4.525870,5.494111,4.883402,4.882737
MI0409,Doctoral,4.538111,4.517460,4.021541,4.108900,4.215400,3.838828,4.191568,3.116387,2.459364
MI0410,Doctoral,3.155551,2.350704,3.538217,3.913591,3.564979,3.443105,2.848003,2.330539,3.717701
MI0411,Doctoral,2.911795,2.514248,1.844947,1.729036,2.796717,1.935044,0.929381,2.463530,1.979136
MI0412,Doctoral,1.408217,1.163880,2.626949,2.989259,3.614427,1.899445,2.166822,3.471432,0.724999
MI0413,Doctoral,4.490441,4.383113,3.683484,4.874425,4.622962,4.135443,4.981635,4.309477,4.031770
MI0414,Doctoral,3.481037,3.666907,4.573244,3.802940,3.499677,3.249853,3.852781,2.618952,3.220335
MI0415,Doctoral,4.653945,2.998560,3.135605,4.320839,2.508328,3.856474,4.158151,3.247776,3.251915
MI0416,Doctoral,4.378733,2.562158,3.913201,3.417381,2.423089,4.094802,3.827943,3.395411,3.447892
MI0417,Doctoral,2.256373,2.697092,4.070297,4.208714,2.518946,2.361530,2.946747,2.107173,2.457402
MI0418,Doctoral,3.132457,3.246543,4.345142,3.990117,2.531486,1.798276,4.390825,4.251097,2.109272
MI0419,Doctoral,3.835620,2.530835,3.418504,4.114012,2.581412,4.095787,3.417361,2.586329,2.829449
MI0420,Doctoral,1.846644,2.496772,2.096728,2.990162,2.574310,1.899523,2.163506,4.032769,1.587253
MI0421,Doctoral,1.293983,0.779235,2.287173,1.137356,1.681382,1.146996,3.086290,1.743921,0.637138
MI0422,Doctoral,4.187465,3.851382,3.502609,3.526516,2.913375,2.449708,4.046053,3.448005,2.790483
MI0423,Doctoral,4.388314,3.537716,2.625935,3.367988,2.918816,2.856452,2.714203,3.611150,2.153697
MI0424,Doctoral,2.471947,3.157210,3.482321,3.078634,2.039003,1.949412,2.812845,3.826131,2.274975
MI0425,Doctoral,3.133141,2.108565,3.076632,4.065051,3.650599,3.747856,2.662804,3.391706,1.757256
MI0426,Doctoral,3.670816,2.910997,1.910387,3.851918,3.106711,3.807622,2.739276,1.992873,2.768429
MI0427,Doctoral,4.154417,3.407460,3.370002,4.925250,4.415857,3.066570,4.019368,4.120247,3.419439
MI0428,Doctoral,1.915407,1.717341,2.518693,2.512425,2.011859,2.608755,2.121325,2.097018,1.706811
MI0429,Doctoral,3.432872,3.390965,2.554978,3.207931,2.124780,2.893101,1.829453,3.531782,2.381032
MI0430,Doctoral,4.104889,4.520261,4.229401,4.033028,2.916006,3.420294,3.928540,4.353155,2.562097
MI0431,Doctoral,4.332639,4.574748,3.621696,4.014900,3.873819,4.048192,3.696889,4.498852,3.645354
MI0432,Doctoral,3.291018,3.778241,2.291619,2.888101,2.842220,1.898931,3.567512,3.183284,2.849020
MI0433,Doctoral,3.895250,3.883826,3.504875,4.651800,3.818268,3.044874,3.905102,5.492845,3.664678
MI0434,Doctoral,1.479442,2.987485,3.323817,1.611775,2.268780,1.395605,2.146935,2.007988,1.737469
MI0435,Doctoral,4.098955,3.250213,3.174701,3.988165,3.041628,3.670968,4.249467,3.254051,3.299863
MI0436,Doctoral,2.620252,2.762397,1.927161,2.594471,3.202559,2.075536,2.888294,1.091135,2.618540
MI0437,Doctoral,2.660357,3.385921,3.231697,3.288030,3.383682,1.706172,3.463759,1.082272,4.442295
MI0438,Doctoral,2.711358,0.900381,3.689963,1.884959,2.077723,-0.052567,2.194915,1.407670,0.845032
MI0439,Doctoral,4.622618,2.073147,4.168948,4.385748,4.114558,3.874054,3.429855,3.088365,2.348242
MI0440,Doctoral,2.301212,1.404923,1.728969,2.837533,1.890756,1.811144,1.875393,3.134063,2.762986
MI0441,Doctoral,3.611915,2.756232,2.453978,3.010155,1.832840,2.023795,2.024475,2.473007,2.111008
MI0442,Doctoral,4.829312,3.843477,3.710528,4.792136,5.005317,4.189400,5.788429,4.200444,4.801263
MI0443,Doctoral,4.226116,4.251759,6.280599,5.636779,4.680025,4.980911,4.827766,2.289897,4.372605
MI0444,Doctoral,3.820159,3.388145,4.539636,4.323636,4.685511,3.047527,4.379461,2.980932,2.939137
MI0445,Doctoral,4.060764,4.769499,4.405715,4.238314,3.595026,2.597503,3.945297,1.770704,3.320072
MI0446,Doctoral,1.143061,1.625813,1.934864,2.418553,1.678102,3.097711,1.511713,2.093191,2.149035
MI0447,Doctoral,4.071987,3.430995,4.505932,3.906970,4.153507,4.334515,3.630950,3.461292,3.089342
MI0448,Doctoral,4.319981,3.419207,4.124115,5.276708,4.948534,2.382523,4.299507,3.573742,4.141993
MI0449,Doctoral,2.627118,3.511599,2.820280,2.713288,3.518444,2.450298,3.576707,2.521238,1.349045
MI0450,Doctoral,4.630821,3.330297,3.101144,3.531296,2.308571,3.245879,3.158648,2.691588,1.973401
MI0451,Doctoral,2.727094,2.986135,2.194956,3.340207,1.331526,2.399375,2.029168,1.651641,1.567455
MI0452,Doctoral,3.649743,3.938806,3.134428,3.874983,2.998416,3.685537,4.557817,4.395931,2.495330
MI0453,Doctoral,3.807981,2.918583,2.479005,4.259933,4.683445,4.196962,4.420197,2.879686,2.570644
MI0454,Doctoral,3.738975,2.514011,2.960732,4.335894,3.041932,2.191336,3.546984,2.957033,2.208588
MI0455,Doctoral,4.047400,4.446225,5.191992,5.284931,4.727463,4.672815,4.395116,4.792455,3.784248
MI0456,Doctoral,1.868798,2.112892,2.998232,2.601380,1.847869,1.990908,3.043067,2.087132,1.781105
MI0457,Doctoral,2.321003,2.954072,2.312280,2.581820,3.278443,2.522647,3.521576,2.580856,2.148263
MI0458,Doctoral,3.037630,3.134575,2.993754,3.310460,3.085298,3.745346,3.530695,3.057848,3.167538
MI0459,Doctoral,3.327188,2.971294,3.160085,3.493990,2.844189,3.266118,3.564611,2.996581,2.966439
MI0460,Doctoral,2.704939,3.034922,2.599376,3.588660,2.857895,2.349133,4.246864,2.502544,3.641436
MI0461,Doctoral,3.490845,3.802069,3.901437,4.327136,2.947958,3.100522,3.670694,5.449008,3.736912
MI0462,Doctoral,2.739384,3.839492,3.250584,3.731937,3.038702,3.144553,2.670066,2.652512,1.699670
MI0463,Doctoral,1.653287,3.256021,2.219802,2.861074,3.088770,2.368158,2.305872,3.043909,2.618578
MI0464,Doctoral,3.933105,2.666536,3.443481,4.262177,2.890227,3.157478,3.582363,4.158888,3.405754
MI0465,Doctoral,2.949572,4.005127,4.392239,3.689193,3.186765,3.271791,5.006168,3.356642,4.654076
MI0466,Doctoral,1.721009,2.289674,2.800851,2.639951,3.799751,2.644956,1.902070,3.397347,1.889536
MI0467,Doctoral,3.495980,4.790990,3.654407,3.421626,4.023377,4.020727,3.335927,3.836510,3.359206
MI0468,Doctoral,2.711990,1.821213,2.345886,3.848874,4.087371,2.376741,3.109534,2.710881,2.626092
MI0469,Doctoral,1.686939,3.219224,2.893623,2.651357,1.555981,2.634619,2.402323,2.539195,1.642067
MI0470,Doctoral,4.047382,3.873538,4.051298,3.741733,4.642117,3.591285,3.857843,2.902175,3.096953
MI0471,Doctoral,2.225558,1.347025,2.880347,2.229710,1.551185,2.437872,2.377305,2.378425,0.746318
MI0472,Doctoral,3.378836,3.163022,2.105843,3.086033,2.597627,1.495220,3.820857,3.570025,2.197665
MI0473,Doctoral,3.851437,3.555434,4.749434,3.811932,3.512827,2.850284,2.993765,3.578661,3.710836
MI0474,Doctoral,1.658713,3.401188,3.206309,4.526311,3.784923,2.195238,3.957816,1.489775,2.790867
MI0475,Doctoral,4.069602,3.728466,4.045136,4.512716,2.501633,3.944325,4.223452,3.470162,2.412869
MI0476,Doctoral,2.313649,2.734741,3.661734,2.176808,2.403927,2.018521,2.090347,1.986369,1.739350
MI0477,Doctoral,5.157258,4.006330,4.285207,4.517908,4.195296,3.920311,4.222282,4.920130,3.951562
MI0478,Doctoral,2.595143,2.250590,2.809297,4.327323,2.960510,1.875273,2.200782,2.563382,3.124704
MI0479,Doctoral,2.603513,3.273316,2.641670,1.432206,2.832715,1.695647,2.621032,3.199724,1.786673
MI0480,Doctoral,4.228366,2.648613,2.518763,3.364020,2.170250,4.011895,3.746925,2.924688,3.482909
MI0481,Doctoral,4.019866,3.287575,3.691412,4.967649,4.346620,4.543875,3.191160,4.161187,3.803061
MI0482,Doctoral,4.637508,3.329582,5.127556,4.962227,4.933038,3.048192,4.366891,4.733497,4.718237
MI0483,Doctoral,2.271048,1.784942,1.624045,2.228907,1.597745,3.875152,2.966726,2.060936,1.737424
MI0484,Doctoral,1.213774,1.512048,2.808927,1.938670,2.238422,1.632839,2.217570,1.034890,2.236508
MI0485,Doctoral,1.642877,3.376965,2.656393,3.728455,3.302606,2.566259,3.585361,2.073628,3.052889
MI0486,Doctoral,1.723569,0.918502,2.422403,2.058774,0.387826,1.262190,2.336933,3.039111,2.511820
MI0487,Doctoral,3.667738,2.809464,3.549073,2.180224,2.884640,2.290598,3.089017,3.786893,2.120795
MI0488,Doctoral,3.068313,2.993331,3.284069,2.632830,2.575711,3.066469,2.891358,3.131849,2.038151
MI0489,Doctoral,3.104122,2.385579,1.523593,2.531013,0.802636,1.946608,2.167556,2.414949,2.594707
MI0490,Doctoral,4.405862,2.985517,4.830774,3.598930,4.219994,3.500440,3.511957,2.824774,3.947444
MI0491,Doctoral,1.747583,2.441586,3.227080,2.169461,1.984952,2.722106,2.660268,2.741509,0.570023
MI0492,Doctoral,4.173887,3.867146,3.868931,4.845980,3.710379,4.384081,3.460464,3.897938,5.471785
MI0493,Doctoral,3.549312,3.023659,2.207125,2.656304,3.205996,3.269155,2.309439,3.682324,2.616188
MI0494,Doctoral,2.631275,3.213921,2.836636,3.415562,3.070848,1.276176,2.392549,3.790259,1.459737
MI0495,Doctoral,3.096611,1.951237,2.375137,2.810023,2.375294,2.094849,3.602858,2.740215,3.263148
MI0496,Doctoral,5.702164,4.460807,4.409969,4.874861,3.638542,4.072813,4.687232,4.231217,4.432276
MI0497,Doctoral,4.360187,5.415476,5.032369,5.125586,4.940551,4.839449,5.279730,5.678195,4.137563
MI0498,Doctoral,5.448347,5.139966,4.541612,5.986971,5.653159,4.561442,5.526130,4.277881,5.062851
MI0499,Doctoral,1.581348,1.426739,2.077406,1.532480,2.529600,1.411946,2.647837,2.384244,0.462552
MI0500,Doctoral,3.015710,2.640242,3.751482,3.741403,3.415653,2.058271,3.289993,2.813967,3.569609
MI0501,Doctoral,3.245422,3.475170,2.478583,4.083778,4.147178,2.977413,3.306056,4.010093,2.484767
MI0502,Doctoral,3.320376,2.398988,3.825267,3.508263,4.226213,3.800572,4.560109,3.343774,2.939070
MI0503,Doctoral,5.214275,3.139045,3.394905,3.258502,4.385064,4.643868,2.646603,3.894928,3.882722
MI0504,Doctoral,4.197283,6.119439,3.442490,5.170953,2.317653,3.467930,5.525512,4.931668,3.272617
MI0505,Doctoral,4.850805,4.283956,4.359110,4.677935,5.110547,5.516286,4.248686,4.833160,3.134643
MI0506,Doctoral,3.163673,4.840272,3.603111,4.655259,4.035474,3.989743,5.198111,4.557634,5.315643
MI0507,Doctoral,4.289944,4.032795,2.368524,4.646689,4.171489,3.693196,3.849062,3.957691,3.892101
MI0508,Doctoral,1.098957,1.903133,0.325653,1.901393,3.559697,1.349543,0.565001,0.288342,1.030836
MI0509,Doctoral,3.427560,3.500435,3.360918,3.425533,3.266627,3.068127,2.833880,2.561312,2.040879
MI0510,Doctoral,3.688034,2.376089,2.996455,3.913744,4.256662,3.294418,3.817161,4.354575,2.825957
MI0511,Doctoral,2.189824,1.548295,3.523242,2.478392,3.520266,2.317388,2.625781,0.608569,1.976614
MI0512,Doctoral,3.928148,3.530237,3.721658,3.808550,4.206897,2.703989,3.984700,3.230431,2.374839
MI0513,Doctoral,4.173006,4.598638,5.294215,4.476095,3.551194,2.695291,4.083100,3.765165,3.298221
MI0514,Doctoral,3.192141,3.059469,3.377408,4.526369,3.118917,3.368506,3.722079,4.535969,3.309442
MI0515,Doctoral,4.596088,3.375784,3.764831,3.947316,5.517776,4.029737,4.824848,4.124182,4.426421
MI0516,Doctoral,4.126018,3.514839,3.224667,2.952015,5.156682,2.829279,3.122521,2.683829,2.804060
MI0517,Doctoral,1.958948,2.378384,2.454374,2.106896,2.861272,2.580052,2.200134,3.293140,1.852171
MI0518,Doctoral,2.180704,2.462579,2.817556,2.319084,2.273040,2.225059,2.369247,2.128186,2.626799
MI0519,Doctoral,4.525371,3.233269,4.926790,4.846297,3.358604,4.862789,3.847397,5.383837,4.235795
MI0520,Doctoral,2.804934,0.922728,2.370671,1.178444,2.578712,1.725358,2.863321,1.649321,2.237372